log_name,session_id,raw_file_bytes,raw_file_sha256,raw_frames,raw_allowlisted_frames,candidate_windows,short_window,invalid_current,no_route,not_in_allowlist,eligible_scenes,unit_stride_eligible_scenes,distinct_valid_window_current_tokens,protocol_cell,cache_scenes,protocol_scenes
2021.05.12.19.36.12_veh-35_00005_00204,2021.05.12.19.36.12_veh-35,10781480,1a44a1c0488643900fa216f596604401a86e6137ef670fb45bbb1f04f31718be,398,6,29,1,0,0,28,0,6,28,stage3:train,1,1
2021.05.12.19.36.12_veh-35_00215_00405,2021.05.12.19.36.12_veh-35,9404629,8f4621571958ab0990545f993dd0dd3c029d24c5844f99628716a7b861903381,380,32,28,1,0,0,24,3,32,27,stage3:train,5,5
2021.05.12.19.36.12_veh-35_00416_00557,2021.05.12.19.36.12_veh-35,7474014,ce11dd792a50cc1d5dab218642c126345da55d0464a7cb07ced8ce533ee752d7,282,48,21,1,0,0,18,2,48,20,stage3:train,8,8
2021.05.12.19.36.12_veh-35_00568_01168,2021.05.12.19.36.12_veh-35,25453969,fc0c3a027002cb61ae282de5543205cb3666fa9f74063eff6e1bee7f5cfe8db1,1200,212,86,1,0,0,70,15,212,85,stage3:train,26,26
2021.05.12.19.36.12_veh-35_01179_01278,2021.05.12.19.36.12_veh-35,4978411,44de05281127df9aeafc36b4645616586ba26836ae5b469d20ca81b1a1fdfdf3,198,5,15,1,0,0,14,0,5,14,stage3:train,1,1
2021.05.12.19.36.12_veh-35_01400_01643,2021.05.12.19.36.12_veh-35,12999097,915ebb392bd46e725967b297479c74d58843fdf790f58367cffa46008e58b876,486,80,35,1,0,0,27,7,80,34,stage3:train,11,11
2021.05.12.19.36.12_veh-35_01744_01934,2021.05.12.19.36.12_veh-35,11810483,df025cf0dfbe9cfeaf9027b589b2d7531a56b3fb3f3bc9e114e0a79b061aa403,380,19,28,1,0,0,27,0,19,27,stage3:train,3,3
2021.05.12.19.36.12_veh-35_01945_02065,2021.05.12.19.36.12_veh-35,5687428,26465e9ccd38d542f78c5a68d26f4549ef975e5d24eb5e3c5763f32098f284c4,240,24,18,1,0,0,16,1,24,17,stage3:train,4,4
2021.05.12.19.36.12_veh-35_02079_02176,2021.05.12.19.36.12_veh-35,2312461,878d4c380d6b94ac4e0c0d1f0bf2272278b31b113329468785cad3e5554b2f22,194,80,14,1,0,0,7,6,80,13,stage3:train,9,9
2021.05.12.22.00.38_veh-35_00005_00118,2021.05.12.22.00.38_veh-35,7294012,c8a642b5dacdb58e21ebdd4457517cc5da1110266c7dd92dcdbcd750800d35f4,226,6,17,1,0,0,15,1,6,16,stage1:train,1,1
2021.05.12.22.00.38_veh-35_00129_00204,2021.05.12.22.00.38_veh-35,1950843,5611e3b6faf50d5d140c32082c15133d25622bb00e5f465b4d190e9683b6e731,150,19,11,1,0,0,8,2,19,10,stage1:train,2,2
2021.05.12.22.00.38_veh-35_00215_00995,2021.05.12.22.00.38_veh-35,40605533,e8b232dbd31179f3518ebca9e79363ccd456e34d23338b46ff309236f8fb13eb,1560,192,112,1,0,0,102,9,192,111,stage1:train,30,30
2021.05.12.22.00.38_veh-35_01008_01518,2021.05.12.22.00.38_veh-35,24921892,06c914eb79b71c4fea246f111315bc047da646d99e8fd3189dd46994d269e1c4,1020,127,73,1,0,1,62,9,127,71,stage1:train,17,17
2021.05.12.22.28.35_veh-35_00025_00115,2021.05.12.22.28.35_veh-35,5559717,4d976c12ddd21c0bfbbad665103ddc466b4317a580aaeb3d16f22329c02bfc78,180,21,13,1,0,0,10,2,21,12,stage1:train,3,3
2021.05.12.22.28.35_veh-35_00126_00339,2021.05.12.22.28.35_veh-35,10224477,6e2417f23b2e2189bcb14326a24fd491ee7c8390c8a0bd1971822498ff23d071,426,56,31,1,0,0,26,4,56,30,stage1:train,8,8
2021.05.12.22.28.35_veh-35_00350_00568,2021.05.12.22.28.35_veh-35,8497321,eb046a562cd24b90eeb848f4cc8c2b8a8a7c8aac631c2fe97811d6410017a131,436,40,32,1,0,0,28,3,40,31,stage1:train,8,8
2021.05.12.22.28.35_veh-35_00620_01164,2021.05.12.22.28.35_veh-35,25541322,976e865baeb128dfad63e7dca6423a5a4062f14ab662ea292ecd5f9cea31f96d,1088,207,78,1,0,0,61,16,207,77,stage1:train,27,27
2021.05.12.22.28.35_veh-35_01175_02127,2021.05.12.22.28.35_veh-35,44500053,59f6f0d795a9149e522f75deffbcf4aa38d61d57aae92a8a01216e254e262ff5,1904,275,136,0,0,0,112,24,275,136,stage1:train,40,40
2021.05.12.22.28.35_veh-35_02138_02481,2021.05.12.22.28.35_veh-35,13895939,1f782c893f8c641562d48aa218d4586a516cb16cc5183d243e8b3cb33845f827,686,145,49,0,0,0,37,12,145,49,stage1:train,18,18
2021.05.12.23.36.44_veh-35_00063_00141,2021.05.12.23.36.44_veh-35,4443540,0a2fbe415ef67cfb6097386d6873256f52eecd3f233cee0ef916a3220670f2b4,156,23,12,1,0,0,10,1,23,11,stage1:train,3,3
2021.05.12.23.36.44_veh-35_00152_00504,2021.05.12.23.36.44_veh-35,17889091,0e7f3902aca65ded199ac561120a704c263065249e65d13a1834d71f3d712b6a,704,74,51,1,0,0,43,7,74,50,stage1:train,11,11
2021.05.12.23.36.44_veh-35_00515_00701,2021.05.12.23.36.44_veh-35,8131282,18a2a864203db370bb3126e35d694cc6e429d211c882cab5a5e316caecb9de63,372,106,27,1,0,0,18,8,106,26,stage1:train,13,13
2021.05.12.23.36.44_veh-35_00712_00774,2021.05.12.23.36.44_veh-35,3511685,1411b9c345b7a84592e3853fa2b849bcf20fec3d647a9be833ebf9bd3133fb32,124,30,9,1,0,0,6,2,30,8,stage1:train,4,4
2021.05.12.23.36.44_veh-35_00785_01041,2021.05.12.23.36.44_veh-35,13491117,ec9f082c002c525b605ccbcb950092a08184b3e0705251f60a6488395f73f20e,512,104,37,1,0,0,28,8,104,36,stage1:train,14,14
2021.05.12.23.36.44_veh-35_01133_01535,2021.05.12.23.36.44_veh-35,14559327,a3d488c626b15449e7264af7e32beef29237cc4304170a6624d80b16009ba18c,804,129,58,1,0,0,48,9,129,57,stage1:train,17,17
2021.05.12.23.36.44_veh-35_01585_01724,2021.05.12.23.36.44_veh-35,7436321,8ab4943e64c06782ce3619f11446379611c8dcf684c71f11b2aab92f2a8498d1,278,46,20,1,0,0,16,3,46,19,stage1:train,8,8
2021.05.12.23.36.44_veh-35_01735_01957,2021.05.12.23.36.44_veh-35,8346627,9ee931884617f1f72d7d06ae272006936f8dc1f4bd70abfd734631fecf375123,444,131,32,1,0,0,24,7,131,31,stage1:train,15,15
2021.05.12.23.36.44_veh-35_02035_02387,2021.05.12.23.36.44_veh-35,19057615,3d6d2608b02e265433ebce1cc6040c89ca313a22a50af8fae2aafffd907414c1,704,114,51,1,0,0,43,7,114,50,stage1:train,14,14
2021.06.07.11.59.52_veh-35_02283_02464,2021.06.07.11.59.52_veh-35,6399804,995d79d104d063ce9da4f59000e97538ab92df90942b0fc2520909d3c695629f,362,17,26,1,0,0,23,2,17,25,stage1:train,3,3
2021.06.07.12.42.11_veh-38_01777_02078,2021.06.07.12.42.11_veh-38,15484830,ae24350ce86aaf55653daa0105c7e9e34bd95a1cf23ac4a3ace3b0edb4ca4f3f,600,14,43,1,0,0,40,2,14,42,stage1:train,3,3
2021.06.07.12.42.11_veh-38_02445_02843,2021.06.07.12.42.11_veh-38,16143235,49870e475cad123c7388189726e2f4b0996931756e9ded70752d1af4b546c7e5,794,43,57,1,0,0,53,3,43,56,stage1:train,8,8
2021.06.07.12.42.11_veh-38_03254_03455,2021.06.07.12.42.11_veh-38,8619990,b10432fe2159906225c61ff1a386bfbbbfedcdab3e182d419399332aa9144c23,400,40,29,1,0,0,25,3,40,28,stage1:train,5,5
2021.06.07.12.54.00_veh-35_01843_02314,2021.06.07.12.54.00_veh-35,21400965,b54d88f779731d5bae10ce688a06deb2f9d7166b6addc4b442a91b5c37fc7725,942,116,68,1,0,0,56,11,116,67,stage1:test,18,18
2021.06.07.13.53.57_veh-35_01772_02032,2021.06.07.13.53.57_veh-35,14561707,c44786845e8cfb1704441a4180ffcd879c384ff9b25b63e8f57a4b0c0ab867d3,520,54,38,1,0,0,34,3,54,37,stage3:train,9,9
2021.06.07.13.53.57_veh-35_02489_03145,2021.06.07.13.53.57_veh-35,31715508,13933d0e323d50bdbad08b5352f9465fab90116b21ac59d5141176a1128bdc3a,1312,254,94,1,0,0,74,19,254,93,stage3:train,28,28
2021.06.07.17.46.49_veh-35_02607_03120,2021.06.07.17.46.49_veh-35,23174991,0714068fbaa828222015a07b23c713803d21603270944dbc92ac1160dafe914d,1022,228,73,0,0,0,61,12,228,73,stage1:test,31,31
2021.06.07.17.46.49_veh-35_04084_04828,2021.06.07.17.46.49_veh-35,39195604,5204adc235055938dbcc44da29855e6a41d1948e3ca98ec9ff3d3e05dbc90bc0,1482,204,106,1,0,0,90,15,204,105,stage1:test,30,30
2021.06.07.17.46.49_veh-35_04839_05184,2021.06.07.17.46.49_veh-35,17857598,f361dd568f0f49075c40848ad621309964907e6d1e59cc8d270cad40c79266a1,689,143,50,1,0,0,39,10,143,49,stage1:test,18,18
2021.06.07.17.48.02_veh-38_01949_02085,2021.06.07.17.48.02_veh-38,5415230,a524840898571c3317d79dbe2c26a0551f49be88aab714b421c24b4c695529b1,270,77,20,1,0,0,12,7,77,19,stage3:train,12,12
2021.06.07.18.53.26_veh-26_00005_00427,2021.06.07.18.53.26_veh-26,21154184,2a402f7d1d070de2435f7f81fe60a271be955fd04e95245595837fedab6426cf,844,100,61,1,0,0,51,9,100,60,stage3:train,14,14
2021.06.07.18.53.26_veh-26_01208_01412,2021.06.07.18.53.26_veh-26,10504296,49eabd9f40ab1c6f4aa527f61c0faaedf065b54830ebfc8a9adb79dd6cb3ae2a,408,57,30,1,0,0,26,3,57,29,stage3:train,11,11
2021.06.07.19.29.59_veh-38_00474_00922,2021.06.07.19.29.59_veh-38,30213899,20ca186d13a2280355ffcdd8facca95e65a3216000872d68c11a03fad44c37bd,896,34,64,0,0,0,62,2,34,64,stage1:train,4,4
2021.06.07.19.29.59_veh-38_01025_01274,2021.06.07.19.29.59_veh-38,9892337,7dbc10180102d15ad64757c6935d897a4d796245d6fe393c4ce4cf822afc5f93,498,87,36,1,0,0,29,6,87,35,stage1:train,12,12
2021.06.07.19.43.00_veh-35_01782_01986,2021.06.07.19.43.00_veh-35,5667257,6ca7aa5d2b701c43102d8b11a3a0ede3fd348201cac8d51f991bf359445cd042,408,97,30,1,0,0,21,8,97,29,stage1:train,14,14
2021.06.07.19.43.00_veh-35_02298_02525,2021.06.07.19.43.00_veh-35,14221638,9bbc4807ed57b268c0efb2b3dc5d11e1be0878fcf482f33dec158f32aede03f3,454,57,33,1,0,0,26,6,57,32,stage1:train,9,9
2021.06.08.12.00.19_veh-35_01722_02119,2021.06.08.12.00.19_veh-35,17379023,45fbdbd3bae888ef1671c8789a5c20171ef8d266da70f0beb60105f8fe3c03ca,793,147,57,1,0,0,45,11,147,56,stage1:train,23,23
2021.06.08.12.00.19_veh-35_02135_02369,2021.06.08.12.00.19_veh-35,11378853,56d863acfa3ba607c14f9d5147b142813ae9ee2fc89254b90135922982b7c1f1,464,72,34,1,0,0,27,6,72,33,stage1:train,8,8
2021.06.08.12.00.19_veh-35_02988_03160,2021.06.08.12.00.19_veh-35,6029060,624045c828301e7b7eb60cbb1bc23869237da3847b851ce01a9dab238647c2fb,340,25,25,1,0,0,22,2,25,24,stage1:train,2,2
2021.06.08.12.00.19_veh-35_03451_03644,2021.06.08.12.00.19_veh-35,6474106,ccb61fd927155be2552bc341863d969de33f70bfaf7c9c918c2514575d87b726,383,34,28,1,0,0,23,4,34,27,stage1:train,6,6
2021.06.08.12.00.19_veh-35_03655_03792,2021.06.08.12.00.19_veh-35,5587846,85e02993712152a42ceed4b5a3a193e831bef45542492247d4befa07b6e86f91,273,39,20,1,0,0,16,3,39,19,stage1:train,4,4
2021.06.08.12.00.19_veh-35_04422_04725,2021.06.08.12.00.19_veh-35,8995043,e4399b7a29c6301a26e11a3c0ad25b68e071c359d7e27d95288a5ed0c4e37dc8,604,48,44,1,0,0,40,3,48,43,stage1:train,6,6
2021.06.08.12.00.19_veh-35_05235_05578,2021.06.08.12.00.19_veh-35,17977283,5dc5bd3c23d525c5d42331f3ec94f4c172f76856434dafe944e90d8cb8a0da52,685,104,49,1,0,0,40,8,104,48,stage1:train,12,12
2021.06.08.12.54.54_veh-26_00015_00507,2021.06.08.12.54.54_veh-26,19763109,a368cfc47534b94764ffbfc0026f25c1fd2dff2a42c00d971efb8ef85b7b55bd,981,155,71,1,0,0,57,13,155,70,stage1:train,23,23
2021.06.08.12.54.54_veh-26_00733_00983,2021.06.08.12.54.54_veh-26,7037869,ed82dec059b1550c230ee018c5c04d82106b26ef5623efc9566c284670f27642,499,73,36,1,0,0,30,5,73,35,stage1:train,13,13
2021.06.08.12.54.54_veh-26_01289_01417,2021.06.08.12.54.54_veh-26,6924265,2583ed6d7a77e427f61d95aed2e262f911a40e289043bc17ae5c5cef7074a377,255,23,19,1,0,0,16,2,23,18,stage1:train,3,3
2021.06.08.12.54.54_veh-26_02323_02479,2021.06.08.12.54.54_veh-26,10293896,9789d2ad1e60eb5812a528cbc73fbc5ebaf102d9829a3c25fa28922a23f77833,313,55,23,1,0,0,19,3,55,22,stage1:train,8,8
2021.06.08.12.54.54_veh-26_02994_03970,2021.06.08.12.54.54_veh-26,44565942,81ae4832d99afd4dea71ba05a169ef8284ee52c4f8d2d167a50d7c070e6a4a3b,1947,223,140,1,0,0,124,15,223,139,stage1:train,34,34
2021.06.08.12.54.54_veh-26_04262_04732,2021.06.08.12.54.54_veh-26,24336607,f11c31f197bf88c525b65773aeea1b9f6d2d1315fafef6caf7e9b0eeeca0da16,938,52,67,0,0,0,63,4,52,67,stage1:train,9,9
2021.06.08.14.14.51_veh-35_00893_01188,2021.06.08.14.14.51_veh-35,7772511,a70f9b46b16de98632ec729719fdc753415af4ee2cc119346d82ade503aec7dd,586,134,42,1,0,0,33,8,134,41,stage2:audit,16,16
2021.06.08.14.14.51_veh-35_01508_01763,2021.06.08.14.14.51_veh-35,10904013,b518d4e7d9a5ee98a961e9d7aa543fd5c7e9ddba76eb7e419851fe203409e548,509,88,37,1,0,0,28,8,88,36,stage2:audit,12,12
2021.06.08.14.35.24_veh-26_01989_02235,2021.06.08.14.35.24_veh-26,14531746,b6ed47045be1285808cb6749ce5dbc839d65828a8ebea364305f9d9dc37a833e,493,80,36,1,0,0,29,6,80,35,stage2:test,14,14
2021.06.08.14.35.24_veh-26_02555_03004,2021.06.08.14.35.24_veh-26,14066210,b4bf9bbea3f6612b1e80362b55279c3467a339d576ffcdec492986ce2dca5a56,895,142,64,1,0,0,50,13,142,63,stage2:test,19,19
2021.06.08.14.36.49_veh-38_00312_00694,2021.06.08.14.36.49_veh-38,18839263,6fdcad7101458377e830c4279fe73fed95fdba0cd5535fda4a093cdc66f80074,764,87,55,1,0,0,48,6,87,54,stage3:train,14,14
2021.06.08.16.31.33_veh-38_00015_00262,2021.06.08.16.31.33_veh-38,9134870,3859bf7fc58b4cf6dc2be77f1b1daa3257f9446da8636d9740d6beaaef59bcf2,493,114,36,1,0,0,25,10,114,35,stage3:train,15,15
2021.06.08.16.31.33_veh-38_01589_02072,2021.06.08.16.31.33_veh-38,25845540,665ef2ea272a87483747bc5c5f1ce1fd1c9a5f664b32753d8fdd09386fc40be8,966,102,69,0,0,0,62,7,102,69,stage3:train,14,14
2021.06.08.16.31.33_veh-38_03406_03605,2021.06.08.16.31.33_veh-38,10963445,9af29e7a4428c34a20226762e2b51571c88b217a813732054f84e798edd05c59,397,8,29,1,0,0,27,1,8,28,stage3:train,1,1
2021.06.08.17.25.03_veh-35_02448_02655,2021.06.08.17.25.03_veh-35,5666437,c360acfacb5bfb88fec6acb20aa1708abde930cf7adff555c035155587db85d0,413,106,30,1,0,0,23,6,106,29,stage2:train,16,16
2021.06.08.17.25.03_veh-35_03522_03716,2021.06.08.17.25.03_veh-35,5274268,276feb3cbb89078fff8d5e803c0ca17f3064f1897b701e3aca86366e8d351d66,388,114,28,1,0,0,18,9,114,27,stage2:train,14,14
2021.06.08.17.36.50_veh-26_03873_04225,2021.06.08.17.36.50_veh-26,20092803,a7bb45c7f41d8e4101b20061eec8684367fd3ae9e239f9c03dc179b7a7dee293,700,125,50,0,0,0,41,9,125,50,stage1:train,15,15
2021.06.08.17.36.50_veh-26_05134_05378,2021.06.08.17.36.50_veh-26,13520272,7f3d38adecf79568da7933c83190fd55897d738859d8102ce8305ca5ec36e0a1,486,58,35,1,0,2,27,5,58,32,stage1:train,8,8
2021.06.08.18.18.30_veh-38_01241_01417,2021.06.08.18.18.30_veh-38,6467928,cc20bd2c9772b71b28c0e6ca37e5fca071a98de78f855a7c14d335eb2846120e,351,7,26,1,0,0,24,1,7,25,stage2:train,1,1
2021.06.08.18.18.30_veh-38_05578_05988,2021.06.08.18.18.30_veh-38,21671182,7d047e80fd0a5e79897abbf74e9850e18f292b2a3cb90c93b425a3ea4661af06,819,46,59,1,0,0,54,4,46,58,stage2:train,7,7
2021.06.08.18.18.30_veh-38_06017_06142,2021.06.08.18.18.30_veh-38,5002399,64667d7ea79feac4e066c07213420c4798f33e59c06103d23f5ab80329505c8c,249,49,18,1,0,0,13,4,49,17,stage2:train,10,10
2021.06.08.18.59.48_veh-12_01276_01459,2021.06.08.18.59.48_veh-12,6650932,47c3be5172b14e2635e4b47131bd2a6ccc80735e0233e72ad40be68765ae9b29,364,17,26,0,0,0,24,2,17,26,stage1:train,3,3
2021.06.08.18.59.48_veh-12_02116_02247,2021.06.08.18.59.48_veh-12,7511822,e82a0ba8abe13b77650c80ace3b13ca4b105438802ec9dabd05150f1fdd8cd94,261,16,19,1,0,0,18,0,16,18,stage1:train,3,3
2021.06.08.18.59.48_veh-12_03122_03677,2021.06.08.18.59.48_veh-12,21563628,4f62486abb85ecb9d64e88c82c3b8d0507d3146ca16fac14061f4d5b7782f3eb,1104,86,79,1,0,0,74,4,86,78,stage1:train,11,11
2021.06.08.19.16.23_veh-26_00193_00322,2021.06.08.19.16.23_veh-26,7290935,c29d10f470bcab6859e550076e28ae217eb17d7465dea7dd11ee484f4e513b7a,258,20,19,1,0,0,17,1,20,18,stage3:train,2,2
2021.06.08.19.16.23_veh-26_00973_01139,2021.06.08.19.16.23_veh-26,6687448,aabf41a4b3cf2a3445b5f9024b1b6fa6125a7bd05b742cd1b818268bf10176e5,333,34,24,1,0,0,21,2,34,23,stage3:train,6,6
2021.06.09.11.54.15_veh-12_00015_00259,2021.06.09.11.54.15_veh-12,2231612,416a3150adf3f9039ac149ba0ac5a811737d4cc2e22e1a2cf15a91df11af4067,488,75,35,1,0,0,27,7,75,34,stage3:train,10,10
2021.06.09.11.54.15_veh-12_00270_00339,2021.06.09.11.54.15_veh-12,481708,76c2f729c67155be42ad3f29e20bdab55adfcd26011867b105d6efaa94a68e7f,138,4,10,1,0,0,9,0,4,9,stage3:train,1,1
2021.06.09.11.54.15_veh-12_00361_00678,2021.06.09.11.54.15_veh-12,14671171,2b80e3bfe1f8913f2d0e6230a059a4f264d1fd7a48388327124d8fc30fee5cb0,634,103,46,1,0,0,38,7,103,45,stage3:train,16,16
2021.06.09.11.54.15_veh-12_00689_01229,2021.06.09.11.54.15_veh-12,21170790,bcc0d3469b423b18e2fb3e8f60a29a29f3e6f5c6f68f402b07e1972e49746199,1080,73,78,1,0,0,73,4,73,77,stage3:train,13,13
2021.06.09.11.54.15_veh-12_01240_01361,2021.06.09.11.54.15_veh-12,4428194,55579b6b41f05133ccb9dac8b4193e15d93bf70a06b288144b12fb9f712da7e8,242,17,18,1,0,0,16,1,17,17,stage3:train,2,2
2021.06.09.11.54.15_veh-12_01403_01526,2021.06.09.11.54.15_veh-12,6001426,045d2ac9129a80aee31a7594d7e21e2c84fb83b8bb43f76910d4ae1fc287370d,246,37,18,1,0,0,15,2,37,17,stage3:train,6,6
2021.06.09.11.54.15_veh-12_01537_01628,2021.06.09.11.54.15_veh-12,2861205,1fb60d82dabbffccbe9910f3dcd44f3258baf8749e69d36d8937a81c025172cc,182,57,13,0,0,0,8,5,57,13,stage3:train,9,9
2021.06.09.11.54.15_veh-12_01705_01845,2021.06.09.11.54.15_veh-12,5757115,ad27fc8b39fe07f80ebe498aec92499b43eee025f53c94f1112eaa1c66bc4963,280,30,20,0,0,0,17,3,30,20,stage3:train,6,6
2021.06.09.11.54.15_veh-12_01902_02277,2021.06.09.11.54.15_veh-12,20704716,3069cde5d476286c55832cc01698ecc1d197b2c7e4d23c299222c8597db93faa,750,20,54,1,0,0,51,2,20,53,stage3:train,6,6
2021.06.09.11.54.15_veh-12_02288_02529,2021.06.09.11.54.15_veh-12,10325900,0755d6eba5ad8ca15f8fe3e90d930f6782c68fb2bafd454b6fb35edbf8524d33,482,57,35,1,0,0,29,5,57,34,stage3:train,8,8
2021.06.09.11.54.15_veh-12_02540_02723,2021.06.09.11.54.15_veh-12,8879266,b121724329bfa9bced74066d608a863ac6c3666c829fb4e602fcc86111754b65,366,72,27,1,0,0,20,6,72,26,stage3:train,11,11
2021.06.09.11.54.15_veh-12_02734_02946,2021.06.09.11.54.15_veh-12,7477977,76ed4bb439cb1846b3338891768771cfbde6e7e062a693743aa4d7b879e3157b,424,38,31,1,0,0,28,2,38,30,stage3:train,6,6
2021.06.09.11.54.15_veh-12_03121_03319,2021.06.09.11.54.15_veh-12,14824845,57304f770f09614f99ace8d9f556048a5dfb890ecce083cba2681a2f3528c1f0,396,10,29,1,0,0,27,1,10,28,stage3:train,2,2
2021.06.09.11.54.15_veh-12_03371_03642,2021.06.09.11.54.15_veh-12,10100127,b1d841545aeb82e4bad0d6ec1b3d1dcc9a53bd084e0846efbf26a246e79b87a9,542,96,39,1,0,0,32,6,96,38,stage3:train,15,15
2021.06.09.11.54.15_veh-12_03653_03902,2021.06.09.11.54.15_veh-12,10598172,a3249eaeb31f4b06857a374f797acd32963ebd1b02301461007d0d03b1e5d879,498,48,36,1,0,0,33,2,48,35,stage3:train,9,9
2021.06.09.11.54.15_veh-12_03917_04069,2021.06.09.11.54.15_veh-12,5776596,c6bf6c6b9f6c8f95bb0b8633fe1f9e38e272576b3ed0d4cba19173bfaa55715b,304,15,22,1,0,0,20,1,15,21,stage3:train,3,3
2021.06.09.11.54.15_veh-12_04138_04355,2021.06.09.11.54.15_veh-12,10741470,e6e9db4f82e5c89c5d498292d8cdb636bd62137bd7a64e87b2be8fa90964a33d,434,100,31,0,0,0,27,4,100,31,stage3:train,14,14
2021.06.09.11.54.15_veh-12_04366_04810,2021.06.09.11.54.15_veh-12,16849667,1d1bf15103ae2e91b980c2149fda939b30037aa4f4210b28a66713cd937cf091,888,159,64,1,0,0,52,11,159,63,stage3:train,24,24
2021.06.09.11.54.15_veh-12_04821_05096,2021.06.09.11.54.15_veh-12,12822712,121e38d9c8a6be701cd6d0b93787a24a1c7207ad09ba6f51747106aed32d1077,550,41,40,1,0,0,36,3,41,39,stage3:train,7,7
2021.06.09.11.54.15_veh-12_05108_05331,2021.06.09.11.54.15_veh-12,10278053,3e986a85ab326f4f7c3151e52beb885ec4ad88988dd1d65dfab4996a8a04cfe5,446,89,32,1,0,0,26,5,89,31,stage3:train,14,14
2021.06.09.11.54.15_veh-12_05342_05403,2021.06.09.11.54.15_veh-12,3883025,3a1d9db99067de01d3c09dde876857c254233eda50b76af18dbfc76a4842de94,122,13,9,1,0,0,6,2,13,8,stage3:train,2,2
2021.06.09.11.54.15_veh-12_05414_05511,2021.06.09.11.54.15_veh-12,3436284,9aa8774ab508f27ccf3eb2022b95b5e301c98acb32655beb2b554bad2b3ccfa5,194,8,14,1,0,0,13,0,8,13,stage3:train,3,3
2021.06.09.11.54.15_veh-12_05543_05765,2021.06.09.11.54.15_veh-12,7305690,05a7fae1547c6f7ef0c9594462db30d7ade5bbd9b8f896de46999f34a2f28ce4,444,94,32,1,0,0,25,6,94,31,stage3:train,14,14
2021.06.09.12.06.35_veh-35_00149_00262,2021.06.09.12.06.35_veh-35,965411,af56809cbbbb9eb863cf742522ddcbf5c26906eb289d03187fb93638e70ba6c0,226,26,17,1,0,0,14,2,26,16,stage1:audit,4,4
2021.06.09.12.06.35_veh-35_00284_00410,2021.06.09.12.06.35_veh-35,6130932,f5e6150a5ce686f1d4f3d067ab5761dfdc6bb2376cf42f8a1a1bb2fda8f765bb,252,33,18,0,0,0,15,3,33,18,stage1:audit,4,4
2021.06.09.12.06.35_veh-35_00422_01112,2021.06.09.12.06.35_veh-35,26232153,4e35291d14b3e93e0ab7d65070eabb2d2eeb3bb15ff881ca6cd15cf977c25831,1380,164,99,1,0,0,87,11,164,98,stage1:audit,26,26
2021.06.09.12.06.35_veh-35_01164_01494,2021.06.09.12.06.35_veh-35,13334750,efc572de2c19099b53b8b38488e36e79a169a0d980775d7444c1acd26aa6bf5a,660,115,48,1,0,0,40,7,115,47,stage1:audit,13,13
2021.06.09.12.39.51_veh-26_00055_00360,2021.06.09.12.39.51_veh-26,14954097,aacb739b3e76832a98654b665109002cdf826d02cc907ca3f83a7afd3a3c6f1a,610,36,44,1,0,0,41,2,36,43,stage1:train,5,5
2021.06.09.12.39.51_veh-26_00609_01168,2021.06.09.12.39.51_veh-26,21755277,b5726d5df70e98c3d3ff497f6b8f0c085332368c7889ff0da8e4b7e42078443a,1118,215,80,1,0,0,61,18,215,79,stage1:train,32,32
2021.06.09.12.39.51_veh-26_01179_01338,2021.06.09.12.39.51_veh-26,5786605,39a8e85eef6f5dcde2a6bdea1d7c92d85866fee522fbd351242a45b47b7a8a90,318,28,23,1,0,0,21,1,28,22,stage1:train,4,4
2021.06.09.12.39.51_veh-26_01653_01919,2021.06.09.12.39.51_veh-26,13996693,d8191165d31b245cf18316b659c3eaac35e1094cc00d6332e5dacb1673cd3ed4,532,70,38,0,0,0,34,4,70,38,stage1:train,11,11
2021.06.09.12.39.51_veh-26_01943_02303,2021.06.09.12.39.51_veh-26,13452835,9175b0ab73ec44be6b064d726d38a85af359269f89c312a1a8bb76e62ea76de1,720,115,52,1,0,0,42,9,115,51,stage1:train,17,17
2021.06.09.12.39.51_veh-26_02338_02459,2021.06.09.12.39.51_veh-26,5503261,ebe901fd59bfe2370cbf192602a788f6a6b9a4157b7e18b25acf414419590361,242,29,18,1,0,0,16,1,29,17,stage1:train,3,3
2021.06.09.12.39.51_veh-26_02470_02648,2021.06.09.12.39.51_veh-26,10065661,a0b1c2b69e3a8c7efb1180f91ceacdd00c2ceb37bb9f3a90f18fcf71ad342938,356,1,26,1,0,0,25,0,1,25,stage1:train,1,1
2021.06.09.12.39.51_veh-26_02729_02878,2021.06.09.12.39.51_veh-26,5073490,d2dc62d02ca0d7a18772e912847a9027dd389c23e94529bbbead167449e92e8d,298,24,22,1,0,0,19,2,24,21,stage1:train,4,4
2021.06.09.12.39.51_veh-26_02901_02978,2021.06.09.12.39.51_veh-26,3239990,9f65d3f4555077be8d5cc74bfd56c0179763762d95d9f00ab139d3770c9ffb6d,154,22,11,0,0,0,9,2,22,11,stage1:train,3,3
2021.06.09.12.39.51_veh-26_02989_03385,2021.06.09.12.39.51_veh-26,14385600,a855706133e1e841afd2b67d6996e9065fdb1296dab65af78adf93a3e031370f,792,138,57,1,0,0,47,9,138,56,stage1:train,19,19
2021.06.09.12.39.51_veh-26_03409_03722,2021.06.09.12.39.51_veh-26,16317313,e2067c5affc862555d53149f0a4cc8872e134a06046af8047f770d3ac6a47395,626,5,45,1,0,0,42,2,5,44,stage1:train,2,2
2021.06.09.12.39.51_veh-26_03733_03918,2021.06.09.12.39.51_veh-26,10125150,8e16639ecab826da770874d642c3900edf768b75466dcbbdc630a482954301ba,370,28,27,1,0,0,24,2,28,26,stage1:train,6,6
2021.06.09.12.39.51_veh-26_03951_04180,2021.06.09.12.39.51_veh-26,7582062,d0c507075373c5f3b03f92a0d4e472eca8cf6b2338b0a57a119f3b42e30e4d2a,458,112,33,1,0,0,24,8,112,32,stage1:train,15,15
2021.06.09.12.39.51_veh-26_04255_04331,2021.06.09.12.39.51_veh-26,2163553,da12279b6bf0ac6b899ee4710db9758bc9907f17b3783f777655e98d24611931,152,17,11,1,0,0,9,1,17,10,stage1:train,2,2
2021.06.09.12.39.51_veh-26_04374_04513,2021.06.09.12.39.51_veh-26,6854561,f74612f82579fd762895d3f3da0b549e4235b9cce422576f10ab079fd0cd34eb,278,13,20,1,0,0,18,1,13,19,stage1:train,2,2
2021.06.09.12.39.51_veh-26_04543_05321,2021.06.09.12.39.51_veh-26,43604132,5ffc43e99283cf4c0b545887b94ea266510fcc1aa255f1cd6873b101bc4f1cee,1556,258,112,1,0,0,81,30,258,111,stage1:train,39,39
2021.06.09.12.39.51_veh-26_05332_05540,2021.06.09.12.39.51_veh-26,9417779,f6a3fcf797a17c12f4f3c923193b644d323447d93274b6f6c601772edbac1646,416,42,30,1,0,0,25,4,42,29,stage1:train,7,7
2021.06.09.12.39.51_veh-26_05620_06003,2021.06.09.12.39.51_veh-26,20268251,619ae310870cc38a3088f994dc296b9943f6d0a9f9af6332c2c35a5aa3d46086,766,56,55,1,0,0,51,3,56,54,stage1:train,9,9
2021.06.09.12.51.31_veh-35_00007_00089,2021.06.09.12.51.31_veh-35,3243133,9242ce16c19502af596b29651f3f17038b3f9fb267cfa97d3bf1974f372c22a8,164,49,12,1,0,0,6,5,49,11,stage3:train,7,7
2021.06.09.12.51.31_veh-35_00100_00277,2021.06.09.12.51.31_veh-35,5814545,8203a2e687bb111740daa1035e4ec401d5b43206aee1801c76fcbd1d32b204c8,352,50,26,1,0,0,22,3,50,25,stage3:train,6,6
2021.06.09.12.51.31_veh-35_00288_00529,2021.06.09.12.51.31_veh-35,10300804,ff3000831bfe3ea00554b290eda346bb8193b72e814418b58263bdc06820c265,481,11,35,1,0,0,33,1,11,34,stage3:train,2,2
2021.06.09.12.51.31_veh-35_00540_00631,2021.06.09.12.51.31_veh-35,8495063,6470382725bf096a7dc5fd6bde93ad6e978f4b574c2500121d22c2df98055617,182,2,13,0,0,0,12,1,2,13,stage3:train,1,1
2021.06.09.12.51.31_veh-35_00697_00820,2021.06.09.12.51.31_veh-35,4792581,530649c40a64452a68374cc438d009956025ca3372b7acdaad83327c5c9f6f70,244,23,18,1,0,0,17,0,23,17,stage3:train,3,3
2021.06.09.12.51.31_veh-35_00852_01020,2021.06.09.12.51.31_veh-35,6368009,0075e8c42ad2529bf41bf33f6b1842a08705852cfdbc5958c6121ee4f5b37db9,336,78,24,0,0,0,21,3,78,24,stage3:train,10,10
2021.06.09.12.51.31_veh-35_01047_01415,2021.06.09.12.51.31_veh-35,15677074,c2524202d338a4f283d5a2a34278a0cc1ce0ea38874b84c4df951c7e7fa15304,734,63,53,1,0,0,47,5,63,52,stage3:train,8,8
2021.06.09.12.51.31_veh-35_01427_01576,2021.06.09.12.51.31_veh-35,4899875,c98fe243cdb0fcc566ecbeda5d11f9115ca562f69202b3d76e56d97a00614106,297,8,22,1,0,0,21,0,8,21,stage3:train,1,1
2021.06.09.12.51.31_veh-35_01587_01718,2021.06.09.12.51.31_veh-35,4801753,f8d1f5653352f200da9940e6f39a5e8ae94fa33172944e5fb91a42ea7613f6a4,261,2,19,1,0,0,18,0,2,18,stage3:train,1,1
2021.06.09.12.51.31_veh-35_01729_02626,2021.06.09.12.51.31_veh-35,42916598,3f01470d7329395f27ab4cc569c2698f73467d356425630bd369fd3facd81c0a,1787,176,128,1,0,0,121,6,176,127,stage3:train,25,25
2021.06.09.12.51.31_veh-35_02677_02842,2021.06.09.12.51.31_veh-35,7679823,feca504ee3a7501e9089751cb926d84cfbf6e81e1d6b72cfe058e43b2176e8d7,328,16,24,1,0,0,21,2,16,23,stage3:train,2,2
2021.06.09.12.51.31_veh-35_02975_03207,2021.06.09.12.51.31_veh-35,10767688,b3062604f44166f31740f35bf23dc9a035827353b2c1ed01b31a4c284de17789,464,44,34,1,0,0,31,2,44,33,stage3:train,7,7
2021.06.09.12.51.31_veh-35_03229_03360,2021.06.09.12.51.31_veh-35,5041506,22076ec89cf761deba2fac9e5b713c9b437032d249a0909b57ffbf3008a2f16b,262,59,19,1,0,0,16,2,59,18,stage3:train,11,11
2021.06.09.12.51.31_veh-35_03371_03476,2021.06.09.12.51.31_veh-35,3756868,8bf9d0b2a9eb6cd657820043de03ac866d40dfb901b87b572e093876032c916b,209,29,15,1,0,0,13,1,29,14,stage3:train,4,4
2021.06.09.12.51.31_veh-35_03487_03821,2021.06.09.12.51.31_veh-35,13290078,185994a1819cdcb6e793d7f0f657692359627c4ea2f7c7e0b7ebef53a5eabc5a,667,55,48,1,0,0,41,6,55,47,stage3:train,10,10
2021.06.09.12.51.31_veh-35_03869_04221,2021.06.09.12.51.31_veh-35,22869893,75cde6e9c2b0bcc415a77a116f00a480c3ecb4dcf618e842a1700183a9c082a2,700,26,50,0,0,0,49,1,26,50,stage3:train,5,5
2021.06.09.12.51.31_veh-35_04247_04424,2021.06.09.12.51.31_veh-35,6796195,e39c77ec4c2246fc934fab9a677d7067f0edfb41035fe393103edc05137c7f5e,353,59,26,1,0,0,20,5,59,25,stage3:train,10,10
2021.06.09.12.51.31_veh-35_04435_04593,2021.06.09.12.51.31_veh-35,5413761,97c6e672af6c09e170a49ae5ff7b10dfbb0b00ce7b5f9556a8bd922612496759,316,77,23,1,0,0,16,6,77,22,stage3:train,10,10
2021.06.09.12.51.31_veh-35_04715_04871,2021.06.09.12.51.31_veh-35,5836037,39c75fa569584d4f951fe85179938a94ebd653674129d7cbf0e0e13c37b457de,312,6,23,1,0,0,22,0,6,22,stage3:train,2,2
2021.06.09.12.51.31_veh-35_04882_05013,2021.06.09.12.51.31_veh-35,8273584,d704c81b053701bd5a4f123815604f1e6e197cff23f1cbed9425171c9e71c5e8,262,52,19,1,0,0,16,2,52,18,stage3:train,6,6
2021.06.09.12.51.31_veh-35_05024_05275,2021.06.09.12.51.31_veh-35,17886873,d31b753f31575108ca1922bcbda3024ada80689d30555350564cf696b2f2f2b0,500,26,36,1,0,0,33,2,26,35,stage3:train,5,5
2021.06.09.12.51.31_veh-35_05299_05468,2021.06.09.12.51.31_veh-35,6329833,6c7744f1bcf7b1dc20cb0c2d511be44da9e57fdadc6f6cbb0c15a55c55dd9b05,337,98,25,1,0,1,15,8,98,23,stage3:train,13,13
2021.06.09.14.03.17_veh-12_00015_00099,2021.06.09.14.03.17_veh-12,3809300,2e1d6eb7f50d6e4adababb5e61717a821e122b0da394cafcff490c47cb574265,168,19,12,0,0,0,11,1,19,12,stage3:train,4,4
2021.06.09.14.03.17_veh-12_00159_00283,2021.06.09.14.03.17_veh-12,5848847,3702c2ad40edde25edd1c2e0a56f00e6ce2980c66ecd6fc28595d047b0526120,248,26,18,1,0,0,15,2,26,17,stage3:train,4,4
2021.06.09.14.03.17_veh-12_00294_00364,2021.06.09.14.03.17_veh-12,5797682,94e88573ea7e15e76a85e27f8ec356db4f67c174734c5d1c99c51522f77230d2,140,22,10,0,0,0,9,1,22,10,stage3:train,3,3
2021.06.09.14.03.17_veh-12_00375_00566,2021.06.09.14.03.17_veh-12,10269871,8a1314f419c9333ab0a3a8f11815bde3565573e87366f8e9deb323f7556c9f47,382,73,28,1,0,0,23,4,73,27,stage3:train,11,11
2021.06.09.14.03.17_veh-12_00711_00839,2021.06.09.14.03.17_veh-12,6146732,ac27d2b6ed4804fc5d0210869999d4831c89390abba81f418e05eee98b41a93f,256,48,19,1,0,0,14,4,48,18,stage3:train,9,9
2021.06.09.14.03.17_veh-12_00859_00931,2021.06.09.14.03.17_veh-12,2280685,e673e2cadd1cf71045d07ac164447fe7a4807c3c08788566969b33675c3746d0,144,27,11,1,0,0,7,3,27,10,stage3:train,4,4
2021.06.09.14.03.17_veh-12_01094_01213,2021.06.09.14.03.17_veh-12,4150193,f3eac963b3435e7782aa3123a5bb1a1f778d18e0a14b4ba92955615ba72e3fd7,238,2,17,0,0,0,17,0,2,17,stage3:train,1,1
2021.06.09.14.03.17_veh-12_01225_01437,2021.06.09.14.03.17_veh-12,15931947,9cca23cfd6d7f07dc454f6e5587331a2c1ff8379ebae27533ba9b48c88d16eda,424,3,31,1,0,0,30,0,3,30,stage3:train,1,1
2021.06.09.14.03.17_veh-12_01603_01708,2021.06.09.14.03.17_veh-12,9678931,6f583cba5cb3b1bc317a2891fb30aea66bfa73288d7843ad698a8653502814cc,210,6,15,0,0,0,14,1,6,15,stage3:train,2,2
2021.06.09.14.03.17_veh-12_01883_01955,2021.06.09.14.03.17_veh-12,2183911,00f6be3a4a7d44429911c08a784ff7f5d44be76366ea8e0e788841591f36e650,144,30,11,1,0,0,8,2,30,10,stage3:train,6,6
2021.06.09.14.03.17_veh-12_02011_02101,2021.06.09.14.03.17_veh-12,2826287,c0956ee790fbc397139f3d22b493dbb9a9e2bd7a8c54183afb12275d38c61024,180,42,13,1,0,0,9,3,42,12,stage3:train,6,6
2021.06.09.14.03.17_veh-12_02112_02202,2021.06.09.14.03.17_veh-12,4379348,6ee4f75703d772fbe8cf478c3040562602a2003b0ff24b67ebb6a20e36d8b435,180,12,13,1,0,0,12,0,12,12,stage3:train,3,3
2021.06.09.14.03.17_veh-12_02213_02304,2021.06.09.14.03.17_veh-12,2163619,ece954621f1bd5a894db02890430669a2570376747bab03d2e54ed5385c95af2,182,2,13,0,0,0,12,1,2,13,stage3:train,1,1
2021.06.09.14.03.17_veh-12_02584_02970,2021.06.09.14.03.17_veh-12,22548820,3d5f17f1fe5cc578f787244590809f70bef0fb9c88c402ab02351772d6ae5a0c,772,33,56,1,0,0,52,3,33,55,stage3:train,4,4
2021.06.09.14.03.17_veh-12_03014_03120,2021.06.09.14.03.17_veh-12,6691648,fec202cc222bafef197560d51ea5a3336f7f472094a2634bc5b581dc4031accf,212,10,16,1,0,0,15,0,10,15,stage3:train,1,1
2021.06.09.14.03.17_veh-12_03200_03333,2021.06.09.14.03.17_veh-12,4994180,540eb0cf412bc8f97d77a8e0ba33d591dd79caef6247b753b53ab6291a043719,266,39,19,0,0,0,17,2,39,19,stage3:train,7,7
2021.06.09.14.03.17_veh-12_03344_03461,2021.06.09.14.03.17_veh-12,7170865,019108489361b79adf15dd1823b2e2c5fdda176916984594da9f0eb7336e80bc,234,13,17,1,0,0,15,1,13,16,stage3:train,2,2
2021.06.09.14.03.17_veh-12_03678_03787,2021.06.09.14.03.17_veh-12,6400142,8c4081102e4dd323680582334a7b835fa23feca883d701dbb69f89f4cdb2dcff,218,49,16,1,0,0,10,5,49,15,stage3:train,9,9
2021.06.09.14.03.17_veh-12_03798_04118,2021.06.09.14.03.17_veh-12,21982696,a3467ff4eeb750efdb7d127f6aa17b4bcd31866fdca3441e059ffc64c062d6cb,640,64,46,1,0,0,42,3,64,45,stage3:train,11,11
2021.06.09.14.03.17_veh-12_04129_04237,2021.06.09.14.03.17_veh-12,3341762,10b4211cca7091d3c430d49f1b80f71b49e58ee01216f5180c939a0ee1ff2b96,216,58,16,1,0,2,9,4,58,13,stage3:train,8,8
2021.06.09.14.50.36_veh-26_00598_00665,2021.06.09.14.50.36_veh-26,1772677,f6927a3c8e5ae0b9d2d285a3d78454ede04d51c582b09ed6590ec5009bc31fa1,134,27,10,1,0,0,7,2,27,9,stage1:train,4,4
2021.06.09.14.50.36_veh-26_00677_00819,2021.06.09.14.50.36_veh-26,5030928,1a4fcfc40d28e7d6ace4640dbc92f719b0f6d4a3df0da789c1aecc431f7b965e,284,75,21,1,0,0,13,7,75,20,stage1:train,9,9
2021.06.09.14.50.36_veh-26_00832_00905,2021.06.09.14.50.36_veh-26,4234117,1e42b8dc990b9cf3eb65a041152a3e5ba81e526fc04e0475b62581294fde77db,146,11,11,1,0,0,9,1,11,10,stage1:train,3,3
2021.06.09.14.50.36_veh-26_01037_01113,2021.06.09.14.50.36_veh-26,3462148,7c711327c3aef90b9dae223ca259c4a881ee80bd2684ab253751ade4241e425a,150,6,11,1,0,0,10,0,6,10,stage1:train,2,2
2021.06.09.14.50.36_veh-26_01124_01198,2021.06.09.14.50.36_veh-26,4821357,99edcf5b725494c6f813e24b34bfc312e2ad5e2905110bef02db0c68287f356b,148,53,11,1,0,0,7,3,53,10,stage1:train,6,6
2021.06.09.14.50.36_veh-26_01209_01393,2021.06.09.14.50.36_veh-26,13923367,7f12b0d02bf6be1e98fe0aa143097359fc3f3b935838edf4ef3e271afc5130f0,368,68,27,1,0,0,21,5,68,26,stage1:train,9,9
2021.06.09.14.50.36_veh-26_01537_01600,2021.06.09.14.50.36_veh-26,2312496,29f0cd033c301a56428c3f58bd19dfd85589423aa76fc89c55e6c6860e15939d,125,20,9,1,0,0,6,2,20,8,stage1:train,4,4
2021.06.09.14.50.36_veh-26_01698_01771,2021.06.09.14.50.36_veh-26,2552705,d08b6ded107040819a0f7a8ee09872a6f518a9b5e626f1350ab438ae5429dda4,145,31,11,1,0,0,9,1,31,10,stage1:train,4,4
2021.06.09.14.50.36_veh-26_01782_02044,2021.06.09.14.50.36_veh-26,12032105,40fcb8e7be68ef285d21b06c2d658f5aeb126bb486da0827c85e36619090f3fa,524,32,38,1,0,0,35,2,32,37,stage1:train,5,5
2021.06.09.14.50.36_veh-26_02081_02143,2021.06.09.14.50.36_veh-26,5568756,33a43c16e37ab71084acec93c6448100130ee0c5ca726657d210197d658aa0fd,124,7,9,1,0,0,7,1,7,8,stage1:train,1,1
2021.06.09.14.50.36_veh-26_02376_02484,2021.06.09.14.50.36_veh-26,4454778,f01097aa67542adf415019bda75f3ea687a59f335e8a548e99ff20515633f616,215,23,16,1,0,0,13,2,23,15,stage1:train,4,4
2021.06.09.14.50.36_veh-26_02495_02669,2021.06.09.14.50.36_veh-26,7285992,9cd677a2e94f2e9302454f0893e2c0b770c849decb8a6acc5b057374c09ab57f,347,73,25,1,0,0,19,5,73,24,stage1:train,11,11
2021.06.09.14.50.36_veh-26_02680_02781,2021.06.09.14.50.36_veh-26,3901594,5f465bdfe4dc347f01a265b76a95cdaa1dbddba5e2af10c50c89b2a9ee0ab662,201,5,15,1,0,0,13,1,5,14,stage1:train,1,1
2021.06.09.14.50.36_veh-26_02826_02955,2021.06.09.14.50.36_veh-26,6904212,d7866f29e155f2180861c0d91d1d52f4e2960d7c4f21777d9aa8dda42457a7a7,257,25,19,1,0,0,15,3,25,18,stage1:train,3,3
2021.06.09.14.50.36_veh-26_03061_03152,2021.06.09.14.50.36_veh-26,4127068,c368b68d5bd5498ab195f69eed150751105603a9b1bbf84ba5a86077f6985a4a,182,6,13,0,0,0,11,2,6,13,stage1:train,2,2
2021.06.09.14.50.36_veh-26_03208_03299,2021.06.09.14.50.36_veh-26,4698701,8a80976a78c7b146a9cc846a2941310bd9bacc4c89e4edb66acbf547048a64da,182,52,13,0,0,0,9,4,52,13,stage1:train,8,8
2021.06.09.14.50.36_veh-26_03403_03496,2021.06.09.14.50.36_veh-26,6670286,c3af4f489c25e4c0bc50f5bace4e4ccd239a6c704adc450df86aaccf73c1207a,186,39,14,1,0,0,10,3,39,13,stage1:train,6,6
2021.06.09.14.50.36_veh-26_03507_03584,2021.06.09.14.50.36_veh-26,2859713,47e79433e33b7d297d60e29b2ce78991392ff0cd64ba18ae59c5ba7cc8e00a58,152,20,11,1,0,0,9,1,20,10,stage1:train,3,3
2021.06.09.14.50.36_veh-26_03595_03863,2021.06.09.14.50.36_veh-26,10573065,8782e281a2754f56d3cbf8d3fc9b75cd5615246d98659f9a8f8fcda892e16120,534,90,39,1,0,0,29,9,90,38,stage1:train,15,15
2021.06.09.14.50.36_veh-26_03874_04112,2021.06.09.14.50.36_veh-26,8635550,cdd717c12fb8d347ed39dfaea58e4d2b1535f28f373003bcfe9cc9a1f921b13d,475,33,34,1,0,0,31,2,33,33,stage1:train,5,5
2021.06.09.14.50.36_veh-26_04226_04484,2021.06.09.14.50.36_veh-26,12384584,c527bb00b83624bcd3282e96574648f5d0971441ea4a10c3cce0c7c99d9f4874,514,35,37,1,0,0,34,2,35,36,stage1:train,5,5
2021.06.09.14.50.36_veh-26_04605_04729,2021.06.09.14.50.36_veh-26,13182423,76ae0c67f825ff6871562ff5c296210bc2ff06bdc25481b937afa5f3b693639d,246,3,18,1,0,0,17,0,3,17,stage1:train,2,2
2021.06.09.14.50.36_veh-26_04746_04837,2021.06.09.14.50.36_veh-26,3974761,513ede8ee3617854202daad0263a26402577fdcfcfc269468ef332ff99e43169,182,20,13,0,0,0,12,1,20,13,stage1:train,3,3
2021.06.09.14.50.36_veh-26_05055_05138,2021.06.09.14.50.36_veh-26,2388126,7a5983825bf54b377ed313beeb462f19241bf2a2ef69e37260ad82349e1e07ab,166,35,12,1,0,0,8,3,35,11,stage1:train,5,5
2021.06.09.14.50.36_veh-26_05225_05311,2021.06.09.14.50.36_veh-26,2400715,fc5204b0cc65d8c0f11a0fecdbd4b2c397be43154714e69a272496451d30c8a2,172,7,13,1,0,0,11,1,7,12,stage1:train,1,1
2021.06.09.14.50.36_veh-26_05326_05387,2021.06.09.14.50.36_veh-26,2838447,2fdce03c922428762f72ce68db8219298c557303ec4260cf9e00c2eac36061ca,121,1,9,1,0,0,8,0,1,8,stage1:train,1,1
2021.06.09.14.50.36_veh-26_05398_05800,2021.06.09.14.50.36_veh-26,29772008,95a688792b7a29b87a079c7e38e4a122e4ded05e8b6b592def27f2648b561141,799,127,58,1,0,0,48,9,127,57,stage1:train,17,17
2021.06.09.14.50.36_veh-26_05825_05901,2021.06.09.14.50.36_veh-26,4825145,f50cab638f6f5abd34c977f485f90eb645dcccee8726ac87e3e2d28121fc7cbf,150,38,11,1,0,0,9,1,38,10,stage1:train,4,4
2021.06.09.14.58.55_veh-35_00016_00182,2021.06.09.14.58.55_veh-35,5776884,e9d24cb102e7aaba3c681b6c6122676660b0a9e26cec7d5f15ccdb091c5e895c,332,46,24,1,0,0,21,2,46,23,stage3:train,7,7
2021.06.09.14.58.55_veh-35_00193_01084,2021.06.09.14.58.55_veh-35,45438195,bdf851bc9d9aa865d2a495d4a53592dbd2446b01251f21d30b092610d3b75a48,1782,303,128,1,0,0,103,24,303,127,stage3:train,45,45
2021.06.09.14.58.55_veh-35_01095_01484,2021.06.09.14.58.55_veh-35,24128064,e522c1a5834682a828d34d644daa185d3704bba1468a87a15246925ea9ed7bb3,778,17,56,1,0,0,54,1,17,55,stage3:train,4,4
2021.06.09.14.58.55_veh-35_01496_01664,2021.06.09.14.58.55_veh-35,7570383,1875bb5754d8be67a2223df350fe6083aa7994e549cd21c9876c8b7c5cad982e,336,40,24,0,0,0,21,3,40,24,stage3:train,7,7
2021.06.09.14.58.55_veh-35_01675_01774,2021.06.09.14.58.55_veh-35,4257664,8a2633acaa2aa4cf84213f74b557282763912a11ecd1d4b2b73b6f68e43853dc,198,44,15,1,0,0,11,3,44,14,stage3:train,6,6
2021.06.09.14.58.55_veh-35_01785_01883,2021.06.09.14.58.55_veh-35,3545376,cdd37a11055fc3e34a732308f856d937a314eb3ed6faf8da461c9fc9ebeeaab2,196,27,14,0,0,0,11,3,27,14,stage3:train,3,3
2021.06.09.14.58.55_veh-35_01894_02311,2021.06.09.14.58.55_veh-35,18053273,572a42b3e748a2c8dd320e08759ed6ff6cf295277bea6072685acaf9fd630364,834,68,60,1,0,0,57,2,68,59,stage3:train,10,10
2021.06.09.14.58.55_veh-35_02580_02649,2021.06.09.14.58.55_veh-35,5036510,793ea1969cc509ce83c3415bda18b67d50550f4be518176e6bcfe60d01ba3600,138,25,10,1,0,0,7,2,25,9,stage3:train,4,4
2021.06.09.14.58.55_veh-35_02660_02757,2021.06.09.14.58.55_veh-35,3534353,9e1d92f93f2e1fe2db17a1c043f2ed4885f2e047f615d37a62f875add6c443ae,194,38,14,1,0,0,10,3,38,13,stage3:train,4,4
2021.06.09.14.58.55_veh-35_02778_02850,2021.06.09.14.58.55_veh-35,5066578,e4963ef4afd9740941db00b17b36a55c6551e2c81983e7ea6452c0fb3a3ec278,144,29,11,1,0,0,8,2,29,10,stage3:train,4,4
2021.06.09.14.58.55_veh-35_02861_03037,2021.06.09.14.58.55_veh-35,5223803,6e6647e6d1bfadc6cace024cea0098c7e82bb0233e974a017735df1ddea4745b,352,94,26,1,0,0,20,5,94,25,stage3:train,13,13
2021.06.09.14.58.55_veh-35_03048_03301,2021.06.09.14.58.55_veh-35,10527994,9577b53e54df12416c4c49bb87e5f03ce9f0eeb3b45c324c52d654772049e094,506,46,37,1,0,0,32,4,46,36,stage3:train,7,7
2021.06.09.14.58.55_veh-35_03312_03379,2021.06.09.14.58.55_veh-35,5957149,a36f7ce574cae254cf1af53c0a4d78713d16adb8aa4541361479bdcec8a5abc6,134,10,10,1,0,0,8,1,10,9,stage3:train,1,1
2021.06.09.14.58.55_veh-35_03390_03537,2021.06.09.14.58.55_veh-35,10047627,0095ee7e52fc56b72bcd3f068ed79428d7c085677dce716fb79581c34434dd1d,294,65,21,0,0,0,16,5,65,21,stage3:train,6,6
2021.06.09.14.58.55_veh-35_03548_03800,2021.06.09.14.58.55_veh-35,15409807,9331f8174bea12703de5cb4be99b72eaeeed597409c8a1b558c22226193902a7,504,79,36,0,0,0,27,9,79,36,stage3:train,12,12
2021.06.09.14.58.55_veh-35_03811_03916,2021.06.09.14.58.55_veh-35,3526606,70c181ff8972a2a6aac15f619310a04fb19e4d9e56f1ef10f1ba31c4c5ae5a17,210,59,15,0,0,0,12,3,59,15,stage3:train,8,8
2021.06.09.14.58.55_veh-35_03927_04034,2021.06.09.14.58.55_veh-35,4606734,49aef372be91d77ead5e8012b1b912c485f828fb5a3f557a207118a34063fb2c,214,50,16,1,0,0,11,4,50,15,stage3:train,8,8
2021.06.09.14.58.55_veh-35_04047_04349,2021.06.09.14.58.55_veh-35,16066417,91eaf7390d5cdb6eeb498d8e174e0bab280dd23dbd96013094fc8273064c5b13,604,33,44,1,0,0,42,1,33,43,stage3:train,5,5
2021.06.09.14.58.55_veh-35_04541_04657,2021.06.09.14.58.55_veh-35,5364455,3df7bf7e50c4873d7281131032fd5537c32beea379a0171f6d1051629f225c09,232,16,17,1,0,0,14,2,16,16,stage3:train,3,3
2021.06.09.14.58.55_veh-35_04695_05321,2021.06.09.14.58.55_veh-35,28985313,3ca0a1150786e9bd91aab5f32fe4e5dd03cf4f1a880d1c134232748bf4a71bc6,1252,213,90,1,0,0,78,11,213,89,stage3:train,29,29
2021.06.09.14.58.55_veh-35_05473_05626,2021.06.09.14.58.55_veh-35,9257660,a7bec02a131449866ee14bc6ef637b27215c2306d0a2b7c3ade05f4f13307cb6,306,20,22,1,0,0,19,2,20,21,stage3:train,3,3
2021.06.09.14.58.55_veh-35_05655_05745,2021.06.09.14.58.55_veh-35,3349781,000702f124d2c62d83726c3a011244aea1dc1a8901ed512b579223918c318fea,180,39,13,1,0,0,9,3,39,12,stage3:train,6,6
2021.06.09.17.23.18_veh-38_00016_00120,2021.06.09.17.23.18_veh-38,5411282,d29d8b1228b7f8580498e2fff096e602026021a44912a392f27427b03ff601ef,208,6,15,1,0,0,13,1,6,14,stage3:train,1,1
2021.06.09.17.23.18_veh-38_00131_00294,2021.06.09.17.23.18_veh-38,6413896,b604f25b81f2f58b69878cdea4b6e0088c4c3bc7315a85beb1d2de80c46dbde7,326,20,24,1,0,0,22,1,20,23,stage3:train,3,3
2021.06.09.17.23.18_veh-38_00305_00597,2021.06.09.17.23.18_veh-38,19638654,1fe52190190793d9d15e2ce910802be1bf8cc5bef381c43ee80772ec7ccb9bc0,584,129,42,1,0,0,33,8,129,41,stage3:train,16,16
2021.06.09.17.23.18_veh-38_00609_00762,2021.06.09.17.23.18_veh-38,7332919,4c592224a56b7159860569a6c18a790e84e6e6c08fa3f8ae013776e6600711c0,306,32,22,1,0,0,18,3,32,21,stage3:train,5,5
2021.06.09.17.23.18_veh-38_00773_01140,2021.06.09.17.23.18_veh-38,15419467,8061e847b28e4d6c5d69a576d5d72f48780fd57f1e6d2b0dda1e7b044bdf3cbb,734,139,53,1,0,0,45,7,139,52,stage3:train,17,17
2021.06.09.17.23.18_veh-38_01151_01532,2021.06.09.17.23.18_veh-38,21701047,4f0446292e44c82b6e6fa28e63846c52d767485f79e8ed538227b67ea91a69c5,762,98,55,1,0,0,47,7,98,54,stage3:train,12,12
2021.06.09.17.23.18_veh-38_01598_01750,2021.06.09.17.23.18_veh-38,6175382,8a34d6dbf006849545abd465a184a4c8df8e0f8a507bf143b5a579937575fc66,304,36,22,1,0,0,18,3,36,21,stage3:train,6,6
2021.06.09.17.23.18_veh-38_01761_02019,2021.06.09.17.23.18_veh-38,10465785,1730129bfe0b8afba6a1edf621da1887134205b89efa10688c4dccd203de9508,516,119,37,1,0,0,30,6,119,36,stage3:train,17,17
2021.06.09.17.23.18_veh-38_02094_02305,2021.06.09.17.23.18_veh-38,9073385,eb8fdf14b7ae7b0e996b5f2782f9a288e04faee588adfb54f7606ad4c3b68316,421,30,31,1,0,0,29,1,30,30,stage3:train,4,4
2021.06.09.17.23.18_veh-38_02316_02391,2021.06.09.17.23.18_veh-38,3518044,02c461adf8dcdc4d4362d8064e3cc5578079198f701b78acc97754a9d1b341de,150,19,11,1,0,0,9,1,19,10,stage3:train,3,3
2021.06.09.17.23.18_veh-38_02450_02515,2021.06.09.17.23.18_veh-38,5524653,64de4c3aa176c788e8ba3d1407d4763a8fe36875942da2fd560c8c19391e35f6,130,18,10,1,0,0,8,1,18,9,stage3:train,2,2
2021.06.09.17.23.18_veh-38_02526_03027,2021.06.09.17.23.18_veh-38,27264680,2eea842658f199d9913b0efb3c089966d8b50b097966e697c6cf8c65a50f0fb4,1002,233,72,1,0,0,53,18,233,71,stage3:train,32,32
2021.06.09.17.23.18_veh-38_03095_03280,2021.06.09.17.23.18_veh-38,7499100,88e5b6511a60ba56920f987cb43f07c32633a2edd673501233665e1061c5ca4a,370,24,27,1,0,0,24,2,24,26,stage3:train,4,4
2021.06.09.17.23.18_veh-38_03302_03414,2021.06.09.17.23.18_veh-38,4942707,ea594e906683eba3b79913b2f793862c78ebfeb91601c31f0f7c576387a717d5,224,5,16,0,0,0,16,0,5,16,stage3:train,3,3
2021.06.09.17.23.18_veh-38_03425_04047,2021.06.09.17.23.18_veh-38,41910721,1d876bdf076cd806a2ed3ee0429e7cc8057f0f0048df598d135a39a0967c29a2,1244,78,89,1,0,0,82,6,78,88,stage3:train,15,15
2021.06.09.17.23.18_veh-38_04163_04245,2021.06.09.17.23.18_veh-38,2540905,a2105f1c946ce46dfb3ffb7202a3f8e9327ec2efdd38ffac80bd3e2fc839296f,164,51,12,1,0,0,7,4,51,11,stage3:train,6,6
2021.06.09.17.23.18_veh-38_04286_04521,2021.06.09.17.23.18_veh-38,9990948,d37ee2a2e5ed97f5eab9772edb46f2672897a15bf6ea1ddaa6ef50d7f89e7ffd,470,40,34,1,0,0,31,2,40,33,stage3:train,7,7
2021.06.09.17.23.18_veh-38_04544_04697,2021.06.09.17.23.18_veh-38,10711773,1c78535be183c0c7a7c10138ea0edceb490f58f559e4e820d6b64e4d7cd97329,306,99,22,1,0,0,15,6,99,21,stage3:train,13,13
2021.06.09.17.23.18_veh-38_04708_04770,2021.06.09.17.23.18_veh-38,6444394,2152c362b8e5803081719cf2bd71ae3cfb71884f89af166ffaaff3e17cb68256,124,9,9,1,0,0,8,0,9,8,stage3:train,2,2
2021.06.09.17.23.18_veh-38_04782_05228,2021.06.09.17.23.18_veh-38,17186717,5b69548019e62b3b1d92c7b68af220f0ed9dba653bcc21ccba310ee0f2e2e60d,892,195,64,1,0,0,52,11,195,63,stage3:train,30,30
2021.06.09.17.23.18_veh-38_05239_05412,2021.06.09.17.23.18_veh-38,5649663,46264b3d5bb588e6c4e69afb7c78d5e2a174bec1b4af477a9d47cac556287cd8,346,17,25,1,0,0,24,0,17,24,stage3:train,3,3
2021.06.09.17.23.18_veh-38_05423_05550,2021.06.09.17.23.18_veh-38,4329529,127e0eccef825b330195c12ad852387e86dc738af92dd1e280d46fc5f461150d,253,35,19,1,0,0,15,3,35,18,stage3:train,5,5
2021.06.09.17.23.18_veh-38_05602_05695,2021.06.09.17.23.18_veh-38,7867119,935193c7f22170608ff7507c05da9aa02aa8c6c7d9383b3022841f2a415ca179,186,41,14,1,0,0,10,3,41,13,stage3:train,7,7
2021.06.09.17.37.09_veh-12_00016_00140,2021.06.09.17.37.09_veh-12,5517116,c27597f7d89185a61d4ee4a8886c0e25d84cc99efee3a5c8a487a5e0e6e78b31,248,48,18,1,0,0,13,4,48,17,stage3:train,6,6
2021.06.09.17.37.09_veh-12_00151_00393,2021.06.09.17.37.09_veh-12,11778717,fb766db22b656c39471622f7e7b2bba9a76f6fbcad697848a4d17842b2cd07b5,484,62,35,1,0,0,29,5,62,34,stage3:train,8,8
2021.06.09.17.37.09_veh-12_00404_00864,2021.06.09.17.37.09_veh-12,25678846,93974cf51d60e5e2cd10ec84da278f35a6ececa244153c7cfa6e13981b05c13b,920,172,66,1,0,0,51,14,172,65,stage3:train,25,25
2021.06.09.17.37.09_veh-12_00875_01204,2021.06.09.17.37.09_veh-12,14582926,e84932470f21571f71eef7392e609f5f731ddf5f3119207ca16cfd0b624e69fb,658,81,47,0,0,0,43,4,81,47,stage3:train,12,12
2021.06.09.17.37.09_veh-12_01215_01375,2021.06.09.17.37.09_veh-12,8640659,47fe22ad4a3b36f5133256b55aee0e575d0e1ecbe12a5bd45975353c2411232d,320,33,23,1,0,0,20,2,33,22,stage3:train,6,6
2021.06.09.17.37.09_veh-12_01386_01454,2021.06.09.17.37.09_veh-12,5700179,975ca8e9f4c74805ad36fccc895e891a0e870d0578a6ecc942418717816c9cbb,136,16,10,1,0,0,7,2,16,9,stage3:train,3,3
2021.06.09.17.37.09_veh-12_01465_01790,2021.06.09.17.37.09_veh-12,17595585,99965583bb43c9b21bc54ea0092357e61f31976ad5ab64a262730910c8e2179b,650,80,47,1,0,0,41,5,80,46,stage3:train,14,14
2021.06.09.17.37.09_veh-12_01801_01925,2021.06.09.17.37.09_veh-12,3336797,6c10f90cd51d489dcb47bd2a30bdbdf922ade2c92a4c95e3d87f3612a6c043ee,248,61,18,1,0,0,14,3,61,17,stage3:train,8,8
2021.06.09.17.37.09_veh-12_01936_02067,2021.06.09.17.37.09_veh-12,6798689,9b25c60bd03467c9e7abe4863d7ebe7e3ace0b58b8124b6b74caa9e3e9a62765,262,19,19,1,0,0,17,1,19,18,stage3:train,3,3
2021.06.09.17.37.09_veh-12_02082_02170,2021.06.09.17.37.09_veh-12,3086148,46e60ec4c04f6648e49619e4da4aea0b3aad92677b14ee57af4f5f16e524161e,176,6,13,1,0,0,12,0,6,12,stage3:train,1,1
2021.06.09.17.37.09_veh-12_02239_02313,2021.06.09.17.37.09_veh-12,3687938,3b98143833f54b2d569599995fcf36aa6c1e8da4610ab094979446e87293b89d,148,39,11,1,0,0,7,3,39,10,stage3:train,5,5
2021.06.09.17.37.09_veh-12_02324_02434,2021.06.09.17.37.09_veh-12,9118419,a9db1ec53666a536aa0075c361c57de12ea1dcc056355ead1aa7365231191c9c,220,20,16,1,0,0,13,2,20,15,stage3:train,3,3
2021.06.09.17.37.09_veh-12_02445_02566,2021.06.09.17.37.09_veh-12,7827906,d3aeb765474a725faa8e67c9abb449a2a5e5cee58c601d8ed5e8215cc1f3bc16,242,19,18,1,0,0,16,1,19,17,stage3:train,5,5
2021.06.09.17.37.09_veh-12_02639_02992,2021.06.09.17.37.09_veh-12,14747763,c995ac19dddd51ee20964aa48fa4425c4b32359e1bb9bb70de5676dd14fb4b27,706,173,51,1,0,0,38,12,173,50,stage3:train,26,26
2021.06.09.17.37.09_veh-12_03003_03121,2021.06.09.17.37.09_veh-12,3574691,1f4b10d75f6618fb11cb978cfecfc105751c750c946435ece4df21f5c2d635b7,236,5,17,1,0,0,16,0,5,16,stage3:train,1,1
2021.06.09.17.37.09_veh-12_03132_03193,2021.06.09.17.37.09_veh-12,2716187,449d18cc8e8a0d1acb95f4290a68d05180aeb91157039953212f2121b139b168,122,7,9,1,0,0,7,1,7,8,stage3:train,1,1
2021.06.09.17.37.09_veh-12_03219_03372,2021.06.09.17.37.09_veh-12,10371992,1157c87ad6365f8c89599cd7947811986bdc03ccd04d7cca27b5ce56bb27bfe9,306,72,22,1,0,0,14,7,72,21,stage3:train,9,9
2021.06.09.17.37.09_veh-12_03420_03578,2021.06.09.17.37.09_veh-12,8564609,6894c76daac20e4eada32e53616fdc4582aa0f0c241e24eb75f828a7befb7400,316,51,23,1,0,0,19,3,51,22,stage3:train,10,10
2021.06.09.17.37.09_veh-12_03600_03810,2021.06.09.17.37.09_veh-12,8979982,b15760222c2ade243005589328cd5f9932ab03b57095f0f23b925f5381e125a0,420,96,30,0,0,0,22,8,96,30,stage3:train,13,13
2021.06.09.17.37.09_veh-12_03830_04329,2021.06.09.17.37.09_veh-12,25384383,6a8ecf0d20d18740e9dadfc5b04e45255761f87a155563660f3739706f0b7555,998,68,72,1,0,0,65,6,68,71,stage3:train,11,11
2021.06.09.17.37.09_veh-12_04489_04816,2021.06.09.17.37.09_veh-12,18579918,20bf0f14960e0f78546f282943c98a89b12f8abca257fa6af2af7d8ff6d1ccc3,654,94,47,1,0,0,38,8,94,46,stage3:train,14,14
2021.06.09.18.23.43_veh-35_00026_00274,2021.06.09.18.23.43_veh-35,5831676,02f37f3ae55aa25800a27412404ee16b3521d0eb56608f6598aee7e26bc5820b,496,62,36,1,0,0,30,5,62,35,stage3:train,7,7
2021.06.09.18.23.43_veh-35_00349_00544,2021.06.09.18.23.43_veh-35,10030068,eee0e2a263b9b57aae56a6480dec7e90123607419951c9fa4e458ec62692c20c,390,56,28,1,0,0,23,4,56,27,stage3:train,7,7
2021.06.09.18.23.43_veh-35_00555_00726,2021.06.09.18.23.43_veh-35,7445715,38f5226a2d84d0fe2daaa90f86bf20347a5c113b8a6882a539239fc7bcb1b8f5,342,64,25,1,0,0,21,3,64,24,stage3:train,8,8
2021.06.09.18.23.43_veh-35_00799_01004,2021.06.09.18.23.43_veh-35,8614861,21af0811f1dd312c97dc621c3dae94515d4df62515be87ca95edb7a15884f9fe,410,63,30,1,0,0,25,4,63,29,stage3:train,7,7
2021.06.09.18.23.43_veh-35_01028_01221,2021.06.09.18.23.43_veh-35,8430093,8e3fa978a448dc2e08c15ac876b6442b62df1a95a2a32a02045825a5555f4d20,386,67,28,1,0,0,21,6,67,27,stage3:train,8,8
2021.06.09.18.23.43_veh-35_01232_01405,2021.06.09.18.23.43_veh-35,7675921,0ac0461ac705795e516e741f1be39e6292304254ebe58c3929100649949d3298,346,51,25,1,0,0,20,4,51,24,stage3:train,7,7
2021.06.09.18.23.43_veh-35_01416_01573,2021.06.09.18.23.43_veh-35,3998061,7f6f984df2980b337d229065ce8c9c08ce44fcd02ffbd6d9761222259ecec5a4,314,45,23,1,0,0,19,3,45,22,stage3:train,6,6
2021.06.09.18.23.43_veh-35_01584_01691,2021.06.09.18.23.43_veh-35,5753021,87eca03b8c2ba9b17763bc2b1565f5a8a5d1d4a5d47292c9dd7b2ff390b46395,214,19,16,1,0,0,13,2,19,15,stage3:train,3,3
2021.06.09.18.23.43_veh-35_01702_01928,2021.06.09.18.23.43_veh-35,10298655,a8a38d0cc1c898d41c541ffa9799daccaef817c29361be87c1782a6cebecfd4c,452,37,33,1,0,0,30,2,37,32,stage3:train,5,5
2021.06.09.18.23.43_veh-35_01939_02025,2021.06.09.18.23.43_veh-35,5281148,ddf5bc09b1f861541517e4e497bb71af45e8dee8df1cffcc1130a454b4ba2667,172,23,13,1,0,0,10,2,23,12,stage3:train,4,4
2021.06.09.18.23.43_veh-35_02086_02333,2021.06.09.18.23.43_veh-35,11655131,6a5ac9877969627e71e05101ef52d8642914cd2272c594e64cfeb49b19cc590c,494,98,36,1,0,0,26,9,98,35,stage3:train,13,13
2021.06.09.18.23.43_veh-35_02344_02669,2021.06.09.18.23.43_veh-35,16543323,69a973825004f5fc92c096753e42980740487e14a540574b1adcff4e7581ddd1,650,92,47,1,0,0,40,6,92,46,stage3:train,11,11
2021.06.09.18.23.43_veh-35_02680_02868,2021.06.09.18.23.43_veh-35,8041351,38921f3d2a7fa75e847e79fd3add781e9992ed1e9eba1ffcf72c96833d87abe7,376,72,27,1,0,0,22,4,72,26,stage3:train,10,10
2021.06.09.18.23.43_veh-35_02945_03099,2021.06.09.18.23.43_veh-35,5578197,e2c1a213ec80c7969b9d82e4e415b759e176090e1bb5014882825ec5269b6752,308,16,22,0,0,0,21,1,16,22,stage3:train,2,2
2021.06.09.18.23.43_veh-35_03110_03179,2021.06.09.18.23.43_veh-35,2555909,eaf27ad5d4252a7113f5f54406518d484afa97d600e2ec143e3f0d04e4c0a1eb,138,35,10,1,0,0,8,1,35,9,stage3:train,5,5
2021.06.09.18.23.43_veh-35_03190_03392,2021.06.09.18.23.43_veh-35,15603515,0c06f72144fc734d165238cadadde32cca9d28c222b1cab049b5c292d850a7ba,404,81,29,1,0,0,21,7,81,28,stage3:train,11,11
2021.06.09.18.23.43_veh-35_03403_03481,2021.06.09.18.23.43_veh-35,3244056,be2699c6d51e07747b26d4898c6c06071033d454ae97aaf24b7fa8a9e4d508bc,156,20,12,1,0,0,9,2,20,11,stage3:train,2,2
2021.06.09.18.23.43_veh-35_03500_03586,2021.06.09.18.23.43_veh-35,3214494,059005fe0f700be78687b452d5fcf983042e63db932efd956d6e46616130c813,172,43,13,1,0,0,9,3,43,12,stage3:train,6,6
2021.06.09.18.23.43_veh-35_03609_03793,2021.06.09.18.23.43_veh-35,8707932,3aadbae972ec0cd369e0d31b4af71daa63a4a91c15222c15ecbfb2dc6ea1a1d7,368,38,27,1,0,0,24,2,38,26,stage3:train,6,6
2021.06.09.18.23.43_veh-35_03804_03956,2021.06.09.18.23.43_veh-35,8479329,a3fd76f9af2b20a93263cecb3324a5208532744ac194e2529bb32847e393b27d,304,29,22,1,0,0,18,3,29,21,stage3:train,6,6
2021.06.09.18.23.43_veh-35_03967_05057,2021.06.09.18.23.43_veh-35,45383095,ae34ef4ac61f9746c8a151e0f64b1d72110dfb057bb8a286c8fe47c88d380567,2180,298,156,1,0,0,127,28,298,155,stage3:train,41,41
2021.06.09.18.23.43_veh-35_05068_05186,2021.06.09.18.23.43_veh-35,6902182,0d7b7bf6cb67c0f78b22fdfd4d304a8b7333c32e28423d019d071292730b6a10,236,16,17,1,0,0,15,1,16,16,stage3:train,3,3
2021.06.09.18.23.43_veh-35_05198_05504,2021.06.09.18.23.43_veh-35,13423640,6222c168e630d99a30a11855dce19bbabe3c21e11c9e5cd5aa3e8601a26a09fc,612,142,44,1,0,0,33,10,142,43,stage3:train,17,17
2021.06.09.19.40.26_veh-12_00133_00268,2021.06.09.19.40.26_veh-12,4444481,84eb9e0b5b02c7fc42094221d93acefa55b291aa30ca60171c7bcdac99c37df5,270,38,20,1,0,0,15,4,38,19,stage3:test,7,7
2021.06.09.19.40.26_veh-12_00279_01212,2021.06.09.19.40.26_veh-12,43184533,927eb387c72d1cb19d9b908fa183083af894ccc00f18f474dcc9991d654da705,1866,330,134,1,0,0,115,18,330,133,stage3:test,44,44
2021.06.09.19.40.26_veh-12_01241_01510,2021.06.09.19.40.26_veh-12,10005009,138a79cfd49c1c6d42ef6cbfbbce1e9fa3e9472b68fcd6f9dbdbd9316762c78e,538,30,39,1,0,0,35,3,30,38,stage3:test,7,7
2021.06.09.19.40.26_veh-12_01525_02020,2021.06.09.19.40.26_veh-12,32297061,70a2b74c93522e84911045b8539afff0e118241ad2356a776d339bd9369b8f5d,990,147,71,1,0,0,58,12,147,70,stage3:test,21,21
2021.06.09.19.40.26_veh-12_02031_02228,2021.06.09.19.40.26_veh-12,8176813,bcecbc60630ee9bcd7d6f87c38f9d41a138eb8e4066227c8675786a574e47d75,394,72,29,1,0,1,23,4,72,27,stage3:test,10,10
2021.06.09.20.26.11_veh-35_00026_00236,2021.06.09.20.26.11_veh-35,5211097,3a5a359bcdf449b92cea84cbadfac3731b511d71e904c73be7dc848dd5f5708a,420,69,30,0,0,0,26,4,69,30,stage3:train,9,9
2021.06.09.20.26.11_veh-35_00247_00529,2021.06.09.20.26.11_veh-35,17958756,f349c07cea48173007ab9e2b43c427be1ff59996ed7ce87ba9beedbef47ff7ae,564,89,41,1,0,0,34,6,89,40,stage3:train,11,11
2021.06.09.20.26.11_veh-35_00540_00789,2021.06.09.20.26.11_veh-35,13044795,283319366c5948d2cf99447e81a7dca6f2723a099b799a9ab5a3ccad31c2bbdf,498,77,36,1,0,0,31,4,77,35,stage3:train,11,11
2021.06.09.20.26.11_veh-35_00825_00942,2021.06.09.20.26.11_veh-35,4831189,d4971f0a45a0cd79ae9314e29098216fecd627c10495acd222ca5ffe85eae692,234,53,17,1,0,0,10,6,53,16,stage3:train,7,7
2021.06.09.20.26.11_veh-35_00970_01216,2021.06.09.20.26.11_veh-35,14770995,42a09ac33c11aeddae2fd4550e144adb6af2bdf72be03f7e3fdd746bea76a4da,492,68,36,1,0,0,28,7,68,35,stage3:train,12,12
2021.06.09.20.26.11_veh-35_01227_01514,2021.06.09.20.26.11_veh-35,11681146,9a3e6780d12f2c081e37e0ca7c50e3175341cb257c0469e58506c2a43c58c701,574,44,41,0,0,2,37,2,44,39,stage3:train,6,6
2021.06.14.11.44.56_veh-35_00059_00410,2021.06.14.11.44.56_veh-35,14432036,6c562695554423ea6acff0bc455ac477fcdc89efea3e8bf3723649b6dcccd406,699,155,50,1,0,0,37,12,155,49,stage3:test,19,19
2021.06.14.11.44.56_veh-35_00453_00731,2021.06.14.11.44.56_veh-35,10699746,6dc2d65f339b8cf9c6a2a6df565ce5bc83aaeeaf0b3945639403256a288eb653,554,61,40,1,0,0,32,7,61,39,stage3:test,10,10
2021.06.14.11.44.56_veh-35_00742_00927,2021.06.14.11.44.56_veh-35,13187268,86957ec316f53e8af29937683c469269b91367de2b6dd88cac535a0ce6d3ec39,368,18,27,1,0,0,23,3,18,26,stage3:test,4,4
2021.06.14.11.44.56_veh-35_00938_01134,2021.06.14.11.44.56_veh-35,7282223,078b44ede6446d1684d423e70ca421d149effa55aab1cbbc62a4c45205ce23c0,392,89,28,0,0,0,20,8,89,28,stage3:test,13,13
2021.06.14.11.44.56_veh-35_01145_01297,2021.06.14.11.44.56_veh-35,6610647,5ee97cfacfd9a059dfa37f944a7b3d75f1130db0f144a7a8795e36e843e999bb,299,35,22,1,0,0,19,2,35,21,stage3:test,5,5
2021.06.14.11.44.56_veh-35_01308_01584,2021.06.14.11.44.56_veh-35,13185819,0b06670f41378401d19111776368bcaacee8d22650300a9ec702770e2befd7d5,548,25,40,1,0,0,36,3,25,39,stage3:test,4,4
2021.06.14.11.44.56_veh-35_01595_01804,2021.06.14.11.44.56_veh-35,13187444,c110218051dcd18e4c3c5ee624be927283134f1a03a6e1410bc28d28103866f0,418,49,30,1,0,0,27,2,49,29,stage3:test,9,9
2021.06.14.11.44.56_veh-35_01869_01972,2021.06.14.11.44.56_veh-35,3726530,5afcb0dadc4301135f802ba77fd3b7d80594fe52839884d5c113927b187cbd86,206,6,15,1,0,0,13,1,6,14,stage3:test,1,1
2021.06.14.11.44.56_veh-35_01983_02053,2021.06.14.11.44.56_veh-35,3196774,3cd41ea310716f343346507eb0e5fef83a8774235790959c2235234620a356da,140,19,10,0,0,0,9,1,19,10,stage3:test,3,3
2021.06.14.11.44.56_veh-35_02064_02388,2021.06.14.11.44.56_veh-35,12580105,335669754878631dd44c257fe5e8f9f4132de2047773b507f6b8a56f3af1e81a,644,97,46,0,0,0,38,8,97,46,stage3:test,12,12
2021.06.14.11.44.56_veh-35_02399_02672,2021.06.14.11.44.56_veh-35,10634734,e851552fcb8ede3b49b80a69e1ea041b80ab9bb56efc5e83083ef8f3e06788c7,541,15,39,1,0,0,37,1,15,38,stage3:test,3,3
2021.06.14.11.44.56_veh-35_02696_02932,2021.06.14.11.44.56_veh-35,15142382,93378f41ea360cb1b5290d026a0cd5d2dd5b05df69e5bfb6a665749ec0600a3f,465,52,34,1,0,0,32,1,52,33,stage3:test,7,7
2021.06.14.11.44.56_veh-35_02983_03378,2021.06.14.11.44.56_veh-35,14023796,ba2bb7f618cc27ac7f6865e642df8f814bfa808df17dad160e45e8917889a963,789,149,57,1,0,0,40,16,149,56,stage3:test,24,24
2021.06.14.11.44.56_veh-35_03389_04017,2021.06.14.11.44.56_veh-35,30334121,c2b3018b6875ea7c46636cd0bb64bb17c07baac5846062c6816accf8eef08337,1252,147,90,1,0,0,80,9,147,89,stage3:test,23,23
2021.06.14.11.44.56_veh-35_04178_05084,2021.06.14.11.44.56_veh-35,38375167,2ed5edd8745839fa3364c499e17742c577cb22b44747a1c65e42fd535b50026b,1799,275,129,1,0,0,109,19,275,128,stage3:test,34,34
2021.06.14.11.44.56_veh-35_05211_05338,2021.06.14.11.44.56_veh-35,5519405,64c520f6caaff1bdf4f966af9f035c4f184924d342005b981e067dfd19455f56,250,49,18,1,0,1,11,5,49,16,stage3:test,7,7
2021.06.14.13.27.42_veh-35_00005_00123,2021.06.14.13.27.42_veh-35,3888489,3597a468f86bfb5fabeb6b5f2b6750b7fced3b75ce71fc6acf1465636a0fe78f,234,60,17,1,0,0,13,3,60,16,stage3:train,10,10
2021.06.14.13.27.42_veh-35_00142_00231,2021.06.14.13.27.42_veh-35,3545565,9e41bb0cb18b3f75594aa0709200a8f89c200fc17dc16364b41e28675f81756d,178,8,13,1,0,0,11,1,8,12,stage3:train,1,1
2021.06.14.13.27.42_veh-35_00243_00342,2021.06.14.13.27.42_veh-35,3758354,569352dd176071a9824ad102377cd59a46cb86ea337e49559b0f8494ea4c5e95,198,19,15,1,0,0,12,2,19,14,stage3:train,2,2
2021.06.14.13.27.42_veh-35_00353_00531,2021.06.14.13.27.42_veh-35,6843093,f3f2a5c867b2abbf1d3355d6f42ee177528de5169fcfa99241df3978e61a5718,355,45,26,1,0,0,22,3,45,25,stage3:train,9,9
2021.06.14.13.27.42_veh-35_00542_00645,2021.06.14.13.27.42_veh-35,4728624,b6b9d4b3ba6dd2aa8b8e1dfca76e3597fce6456b6d9e70b09bcb54d489bce1b5,205,66,15,1,0,0,10,4,66,14,stage3:train,9,9
2021.06.14.13.27.42_veh-35_00691_00798,2021.06.14.13.27.42_veh-35,7888179,ecc9f14cf2f8dbabde57bc87433d623fc8a3d06cd442394736559c00a8587659,212,9,16,1,0,0,15,0,9,15,stage3:train,3,3
2021.06.14.13.27.42_veh-35_00842_00940,2021.06.14.13.27.42_veh-35,3833969,ae63be62d2f9a8c015b9864923ff174011ebc438938ac355c5b8bce9ca10f05c,192,20,14,1,0,0,13,0,20,13,stage3:train,4,4
2021.06.14.13.27.42_veh-35_01025_01086,2021.06.14.13.27.42_veh-35,1905443,2bf1cbb4eaf4486d6f4646bb582c9b7628073d305df3f0f238ca58db1b9829fa,120,41,9,1,0,0,3,5,41,8,stage3:train,5,5
2021.06.14.13.27.42_veh-35_01160_01331,2021.06.14.13.27.42_veh-35,7130217,b429d5b50de98aec94740b0a627e6888b3a0f32090a79ffcc763ddb4b8025ebd,339,32,25,1,0,0,23,1,32,24,stage3:train,4,4
2021.06.14.13.27.42_veh-35_01342_01461,2021.06.14.13.27.42_veh-35,5292953,8719654a705a2e72aad3fa6440616bb4e6f1447ee24f391c4342091105adb21f,237,8,17,1,0,0,16,0,8,16,stage3:train,2,2
2021.06.14.13.27.42_veh-35_01472_01666,2021.06.14.13.27.42_veh-35,12300179,cafe47b7d660d2a49cfc5e434defc05da2d1af075f3549bb019d840971290209,383,79,28,1,0,0,21,6,79,27,stage3:train,12,12
2021.06.14.13.27.42_veh-35_01698_01822,2021.06.14.13.27.42_veh-35,6232080,dd1907dae18647f4ad7b179cbd86a77a957f1d5d72b516af8d84f4acd6a4ebbb,247,11,18,1,0,0,16,1,11,17,stage3:train,2,2
2021.06.14.13.27.42_veh-35_01854_01994,2021.06.14.13.27.42_veh-35,5092594,ce6cc28be7a4d59482decefc69aed72c533dcc8bc515d5c46a976ce4aede77b3,280,53,20,0,0,0,16,4,53,20,stage3:train,9,9
2021.06.14.13.27.42_veh-35_02028_02106,2021.06.14.13.27.42_veh-35,2503437,7cb213149e2946e2bacf54ea560ff9d832cf447457b0e9c826cfa5c885bd4da5,156,28,12,1,0,0,8,3,28,11,stage3:train,4,4
2021.06.14.13.27.42_veh-35_02117_02272,2021.06.14.13.27.42_veh-35,6690136,a272ad4f0122236f969b3a55329d58942f125ff44bdf913fad50d700067eb0a9,309,18,23,1,0,0,21,1,18,22,stage3:train,3,3
2021.06.14.13.27.42_veh-35_02283_02603,2021.06.14.13.27.42_veh-35,16443559,eae8f42f1bd3b73138f1affab9791be76bf3634199f32e109cb70e5892bdd84b,640,107,46,1,0,0,41,4,107,45,stage3:train,16,16
2021.06.14.13.27.42_veh-35_02614_02842,2021.06.14.13.27.42_veh-35,12258254,c162cb1d3936cbe6f5128d50fd627a9dba86e6f3f492e39a08bf01ea0524600c,453,36,33,1,0,0,31,1,36,32,stage3:train,9,9
2021.06.14.13.27.42_veh-35_02853_02953,2021.06.14.13.27.42_veh-35,3976945,c95cdae068a735fe4829536252149f2d319b9761cfee7519c0ce05d416f4b85b,198,40,15,1,0,0,11,3,40,14,stage3:train,7,7
2021.06.14.13.27.42_veh-35_03142_03404,2021.06.14.13.27.42_veh-35,10835485,7273331805182e82105587121f1e7c0374b15bf51095a08ceb989bb90b755fa0,521,56,38,1,0,0,32,5,56,37,stage3:train,11,11
2021.06.14.13.27.42_veh-35_03463_03587,2021.06.14.13.27.42_veh-35,10863281,5277ecea27e7b09fa0f9e28973f749eb4bca856771af45703d322ca308f9fe7e,247,13,18,1,0,0,16,1,13,17,stage3:train,4,4
2021.06.14.13.27.42_veh-35_03624_03705,2021.06.14.13.27.42_veh-35,2556366,1b32867702a771184d8e7f182a22e7dd8c33ebdf6339111d9d1c1ac48231e6d1,160,32,12,1,0,0,8,3,32,11,stage3:train,4,4
2021.06.14.13.27.42_veh-35_03806_03990,2021.06.14.13.27.42_veh-35,8824470,e7010e90567081ff0ff964f27197b04959fce17ad3882e9724d695caeb088829,367,26,27,1,0,0,25,1,26,26,stage3:train,5,5
2021.06.14.13.27.42_veh-35_04001_04236,2021.06.14.13.27.42_veh-35,7728804,87d7bb6bf3d1a24b10662cfaa1c7199a100f8f7f0e9c42344216458f842c7dac,470,99,34,1,0,0,27,6,99,33,stage3:train,15,15
2021.06.14.13.27.42_veh-35_04362_04572,2021.06.14.13.27.42_veh-35,7859619,18dfabbcbdcd9de949168c776d92409b3bd1558e0338e7f5b1b0799e06c3f66c,418,32,30,1,0,0,25,4,32,29,stage3:train,6,6
2021.06.14.13.27.42_veh-35_04596_04692,2021.06.14.13.27.42_veh-35,5862746,0de23defa2aa7d6199db20040b5833a50d8f243b65336ee3fbaf3ff1b10f06db,192,18,14,1,0,0,12,1,18,13,stage3:train,4,4
2021.06.14.13.27.42_veh-35_04704_04782,2021.06.14.13.27.42_veh-35,3874636,a146151f96a56f75ae4c21ee3c119316fa13c8421d2451a7efddcd38dcd95729,154,52,11,0,0,0,7,4,52,11,stage3:train,7,7
2021.06.14.13.27.42_veh-35_04793_04883,2021.06.14.13.27.42_veh-35,6471921,07875436530969010e9528cbd6333a1b09396cd78d3777d87a754d7511c61a2a,179,6,13,1,0,0,11,1,6,12,stage3:train,1,1
2021.06.14.13.27.42_veh-35_04894_05018,2021.06.14.13.27.42_veh-35,7052625,27358a8b404360400eed881796ae8b3c8f51d28625c949ebafe32e3df415bc60,248,43,18,1,0,0,13,4,43,17,stage3:train,5,5
2021.06.14.13.27.42_veh-35_05029_05340,2021.06.14.13.27.42_veh-35,13100368,606f15e0d3661e70b48ccab144b26e36a7fef0112bbec98bc57d69687d9ee57c,620,122,45,1,0,2,32,10,122,42,stage3:train,17,17
2021.06.14.13.28.41_veh-12_00005_00158,2021.06.14.13.28.41_veh-12,6848210,97a85cf7949b9d49c50bf9bab77c2dc98bbc014516aa142f7d73f3a0f8aaa472,304,22,22,1,0,0,19,2,22,21,stage3:audit,4,4
2021.06.14.13.28.41_veh-12_00169_00783,2021.06.14.13.28.41_veh-12,33197595,567782b9f5cc204762a1b26391977e9c3bf7ff9d954178f2440edb17098964a6,1220,158,88,1,0,0,76,11,158,87,stage3:audit,24,24
2021.06.14.13.28.41_veh-12_00906_01063,2021.06.14.13.28.41_veh-12,4342055,33662367891faeee45a70d4822ee83a7698a6360a3724430a72a5ab9c41822d2,313,74,23,1,0,0,16,6,74,22,stage3:audit,11,11
2021.06.14.13.28.41_veh-12_01138_01284,2021.06.14.13.28.41_veh-12,5742775,514c437e011b0431c16b3c5d659b34b1f7fdc7b4fe0b2c4dcab79326d7555b54,291,30,21,1,0,0,18,2,30,20,stage3:audit,4,4
2021.06.14.13.28.41_veh-12_01313_01541,2021.06.14.13.28.41_veh-12,13238220,4173c7ee490ec238f100d56cf940a2bc9884b71b5504db4169bbb00063266484,454,107,33,1,0,0,24,8,107,32,stage3:audit,13,13
2021.06.14.13.28.41_veh-12_01591_01695,2021.06.14.13.28.41_veh-12,7641368,b962bacdb6ae48095f1604fab997edff644131f3601132698b60aec25693ef06,206,14,15,1,0,0,14,0,14,14,stage3:audit,3,3
2021.06.14.13.28.41_veh-12_01779_02059,2021.06.14.13.28.41_veh-12,10788847,01991c21c32186dd73dc5284eeef35a2fba21871234cff8212a91890d2198087,557,122,40,1,0,0,33,6,122,39,stage3:audit,18,18
2021.06.14.13.28.41_veh-12_02070_02140,2021.06.14.13.28.41_veh-12,4129833,f3a5e60dbced8f293f9f2248a0ace3aca248944e6658c20403770db461e7db2e,140,26,10,0,0,0,8,2,26,10,stage3:audit,4,4
2021.06.14.13.28.41_veh-12_02245_02340,2021.06.14.13.28.41_veh-12,3946565,ec055ebc23799982c3cdac0e4448f12d9a332ff33829dfa88973eb5c0014db16,190,3,14,1,0,0,13,0,3,13,stage3:audit,1,1
2021.06.14.13.28.41_veh-12_02414_02601,2021.06.14.13.28.41_veh-12,14406940,625c0a443fb1d1f94f4951d3e4a5766fb99c53fe8b5800af30e06116ede7aea2,368,67,27,1,0,0,22,4,67,26,stage3:audit,9,9
2021.06.14.13.28.41_veh-12_02612_02703,2021.06.14.13.28.41_veh-12,3748443,b1b52ce6edb990d79b71c2ea06e9c44411b65f5e6ee7e58e62a0eee39c65377a,182,18,13,0,0,0,11,2,18,13,stage3:audit,3,3
2021.06.14.13.28.41_veh-12_02845_03153,2021.06.14.13.28.41_veh-12,10721471,e935a05588c4a6a36a8a1c89119862adf92ea818c78a327fcf505755a3408b32,613,135,44,1,0,0,33,10,135,43,stage3:audit,19,19
2021.06.14.13.28.41_veh-12_03221_03301,2021.06.14.13.28.41_veh-12,3620902,76f83fdeaf5481250c2e5d18a5c21d2aebb42663ee0d8e72236e0d97c9f85e6b,160,15,12,1,0,0,10,1,15,11,stage3:audit,2,2
2021.06.14.13.28.41_veh-12_03763_03829,2021.06.14.13.28.41_veh-12,2631200,09f29daf73f6bdaabb8c83b91d0ae24a52c62d786e81b625359fe3cfd07d1a07,132,1,10,1,0,0,9,0,1,9,stage3:audit,1,1
2021.06.14.13.28.41_veh-12_03841_04014,2021.06.14.13.28.41_veh-12,6177286,580da485a7f75ec4301811027a447db00ae1643d5b14dcba73b76d0e9b75f7fa,346,63,25,1,0,0,19,5,63,24,stage3:audit,11,11
2021.06.14.13.28.41_veh-12_04090_04289,2021.06.14.13.28.41_veh-12,9630825,fb7938ac5191a56e5ef558bc056aa6ce8caa34a5321e77f67859b06d16a1b802,396,29,29,1,0,0,25,3,29,28,stage3:audit,3,3
2021.06.14.13.28.41_veh-12_04300_04506,2021.06.14.13.28.41_veh-12,7816490,2ea84766d2a485be6382da1dee0be1313c0045ea57c8bd1817f250571a3673e7,411,26,30,1,0,0,25,4,26,29,stage3:audit,4,4
2021.06.14.13.28.41_veh-12_04530_04609,2021.06.14.13.28.41_veh-12,4188741,53fe9fc9829214362432061cbd6af678cda6d840b1011c9e8b0f65fbb1211472,155,12,12,1,0,0,11,0,12,11,stage3:audit,2,2
2021.06.14.13.28.41_veh-12_04719_04892,2021.06.14.13.28.41_veh-12,13698335,3c312f69269ed8fdaa4c8b0aa6b87fa87d5fb8b38ca8347783dddb2d2fa31420,345,50,25,1,0,0,19,5,50,24,stage3:audit,7,7
2021.06.14.13.28.41_veh-12_04903_05107,2021.06.14.13.28.41_veh-12,10589126,805d010afe7c347e0ca1a50c3294f80e43f710f24375748302dccd1472d3b338,407,58,30,1,0,0,24,5,58,29,stage3:audit,8,8
2021.06.14.13.28.41_veh-12_05118_05258,2021.06.14.13.28.41_veh-12,4422252,6962a527333e59ff2f9c2c447276ae0b8b4af8db3c0bc4fea4a5c7847cd6d091,279,77,20,1,0,0,13,6,77,19,stage3:audit,9,9
2021.06.14.13.28.41_veh-12_05269_05369,2021.06.14.13.28.41_veh-12,4262195,53f646d643c9afb55967911acb8468a779c3616600b1ea5b9de66edfd21e9642,199,41,15,1,0,1,9,4,41,13,stage3:audit,6,6
2021.06.14.14.03.45_veh-38_00088_00769,2021.06.14.14.03.45_veh-38,30459468,5bb4d74bd7cd529633e956fff0a482d3326c9526ca710ae2c45be9dfc447722f,1353,67,97,1,0,0,91,5,67,96,stage3:test,10,10
2021.06.14.14.03.45_veh-38_00780_01007,2021.06.14.14.03.45_veh-38,9880806,76629cd351d98bed2aa42ca22613e67fa560098d53134f18300a51b7590a5a21,452,96,33,1,0,0,25,7,96,32,stage3:test,13,13
2021.06.14.14.03.45_veh-38_01018_01144,2021.06.14.14.03.45_veh-38,5440373,7d47d04ed5d750c449d77e245ae989384320c02475b174007a9de682c8d17a3b,250,64,18,1,0,0,12,5,64,17,stage3:test,8,8
2021.06.14.14.03.45_veh-38_01155_01358,2021.06.14.14.03.45_veh-38,7992073,53a77459cedbfc09532d7175ad07de58184d5b8859af4462488ecdae14a7d972,402,23,29,1,0,0,25,3,23,28,stage3:test,5,5
2021.06.14.14.03.45_veh-38_01624_01811,2021.06.14.14.03.45_veh-38,13809429,551f3f864d59d29b9d5768feadd9e20d8f8bb17b51b13f0cb9bfce2ffa514b11,374,11,27,1,0,0,25,1,11,26,stage3:test,3,3
2021.06.14.14.03.45_veh-38_01927_01996,2021.06.14.14.03.45_veh-38,3302857,22baadb3289503d32b87e512d22bb22832a80200d5aa7a7055bf0fd5ffccea16,136,27,10,1,0,0,7,2,27,9,stage3:test,5,5
2021.06.14.14.03.45_veh-38_02007_02072,2021.06.14.14.03.45_veh-38,1633104,69e67455da92e21c471a96a8035163f3a57c3d5d5377349ded15f82af32eb287,127,20,10,1,0,0,8,1,20,9,stage3:test,3,3
2021.06.14.14.03.45_veh-38_02112_03169,2021.06.14.14.03.45_veh-38,55215124,3d94d0483eb1b2bf3682a078a445180e6e3b434b1d33a40e5c116ef611d5af82,2101,198,151,1,0,0,132,18,198,150,stage3:test,34,34
2021.06.14.14.03.45_veh-38_03180_03766,2021.06.14.14.03.45_veh-38,21976183,e2dd35f2f4938e019faedfcb4f6c9b9af9b0b069e2e4216c9225103f0eb49633,1158,111,83,1,0,0,73,9,111,82,stage3:test,20,20
2021.06.14.14.03.45_veh-38_04137_04387,2021.06.14.14.03.45_veh-38,15001592,a1827a8d41c30244c0bf9c57cef6485dcccf3635f6311ba41b7452dc932115c8,496,60,36,1,0,0,30,5,60,35,stage3:test,9,9
2021.06.14.14.03.45_veh-38_04398_04488,2021.06.14.14.03.45_veh-38,2247717,91927cc9cf4585c5efdeec08a06dc57893bbf6a3066ae9e2f32e7387f51964e1,180,33,13,1,0,0,8,4,33,12,stage3:test,6,6
2021.06.14.14.03.45_veh-38_04499_05170,2021.06.14.14.03.45_veh-38,33667715,94bbd145623538296d88f1a076615d2b3a522384dcee48fff125b43f7a1ed356,1338,225,96,1,0,0,78,17,225,95,stage3:test,32,32
2021.06.14.14.03.45_veh-38_05222_05347,2021.06.14.14.03.45_veh-38,9507726,360fbdd9258023cccca72fe5e317f49ae9ac58bcd443a0256890a1ed91d10693,247,24,18,1,0,0,16,1,24,17,stage3:test,4,4
2021.06.14.14.25.15_veh-26_00398_00578,2021.06.14.14.25.15_veh-26,10280533,3cd15afa279e44df148be1362a59fc2ff086b5ef87bf39e9defcb9518303beb4,359,7,26,1,0,0,25,0,7,25,stage2:train,2,2
2021.06.14.14.25.15_veh-26_00597_00827,2021.06.14.14.25.15_veh-26,9010372,1b25bb3391db58da0734ffbffa7199dd1b512c9756fff75fde20d40158c773c5,460,84,33,1,0,0,24,8,84,32,stage2:train,13,13
2021.06.14.14.25.15_veh-26_00867_01088,2021.06.14.14.25.15_veh-26,11213451,5da32948326f0298ac9595b8b54abb44d7141d1c89533cc596b9355eab2e0bbe,440,30,32,1,0,0,30,1,30,31,stage2:train,5,5
2021.06.14.14.25.15_veh-26_01236_01585,2021.06.14.14.25.15_veh-26,18844700,ecbadeb9bccf4a8cb3342dc0b7e91dedc0435ef14749935bc9e458b323cbe056,695,43,50,1,0,0,45,4,43,49,stage2:train,6,6
2021.06.14.14.25.15_veh-26_01600_01699,2021.06.14.14.25.15_veh-26,9215653,6066975ee4be8086b819915f635483cb58c16cd4ea74007ddbb40885ce8730cf,197,7,15,1,0,0,13,1,7,14,stage2:train,2,2
2021.06.14.14.25.15_veh-26_01835_01960,2021.06.14.14.25.15_veh-26,5527114,f8c2ad92ea05568ff2dc5f1a3bccc302ebd6a8d968b061a36ebb7fb4657f70f0,249,65,18,1,0,0,13,4,65,17,stage2:train,8,8
2021.06.14.14.25.15_veh-26_02009_02099,2021.06.14.14.25.15_veh-26,3106163,908a283714dd3207b8607ec10cb74b770ea8ad941edb0f7da17ef5c355ca48f6,178,24,13,1,0,0,9,3,24,12,stage2:train,3,3
2021.06.14.14.25.15_veh-26_02179_02316,2021.06.14.14.25.15_veh-26,4179758,cfb17418c45d3b1ca50a35bf4c533861e8f0d06fb447436ed0d15e1a7f89a281,275,9,20,1,0,0,18,1,9,19,stage2:train,1,1
2021.06.14.14.25.15_veh-26_02376_02575,2021.06.14.14.25.15_veh-26,8448668,daee05c31bcabb3326140f7429a9e514a455bc91c3a0d9e38cd914ccc7e39a67,397,18,29,1,0,0,26,2,18,28,stage2:train,3,3
2021.06.14.14.25.15_veh-26_02770_02830,2021.06.14.14.25.15_veh-26,4947763,8bc8b8ab583228b961300f4af3a39b2c4c13483722b89cf3d7a92bd90a232e8c,120,16,9,1,0,0,7,1,16,8,stage2:train,2,2
2021.06.14.14.25.15_veh-26_02841_02921,2021.06.14.14.25.15_veh-26,3313218,98b298f7648c543b947068c4444217314e03f7b49e5c54ea352e419c07ad4496,159,18,12,1,0,0,10,1,18,11,stage2:train,3,3
2021.06.14.14.25.15_veh-26_02932_03190,2021.06.14.14.25.15_veh-26,10608311,253a2262de0bc4c120bab1ee893fd9e18d5f1e6f8aff42e26ab84a1c41c45969,514,141,37,1,0,0,27,9,141,36,stage2:train,18,18
2021.06.14.14.25.15_veh-26_03201_03386,2021.06.14.14.25.15_veh-26,9423327,490fbd57b0d5222311ded4fe859511d29cecc6a94bfb6e335da319e45af10bcf,369,21,27,1,0,0,25,1,21,26,stage2:train,3,3
2021.06.14.14.25.15_veh-26_03415_03581,2021.06.14.14.25.15_veh-26,8332498,e2cc624de7a661d410f2b166bde9982df1fb777f3efbed214e490c9c0bf38d28,332,43,24,1,0,0,18,5,43,23,stage2:train,6,6
2021.06.14.14.25.15_veh-26_03592_03664,2021.06.14.14.25.15_veh-26,5080364,3ae03ed795b019063f5e709ae1b0450043ef7a04bf5d47e88b0f946c0353f91a,144,6,11,1,0,0,8,2,6,10,stage2:train,2,2
2021.06.14.14.25.15_veh-26_03675_03860,2021.06.14.14.25.15_veh-26,14126279,e9c611acfe056fdeea7bbeb8776d61f3fe0d30aadc175e080b2416859da5569e,365,80,27,1,0,0,19,7,80,26,stage2:train,9,9
2021.06.14.14.25.15_veh-26_03871_03953,2021.06.14.14.25.15_veh-26,7039559,fcba88cef9ee213fa64063790f8d0a9c3da2c58dba3440f021e41a3529901796,164,26,12,1,0,0,10,1,26,11,stage2:train,5,5
2021.06.14.14.25.15_veh-26_03964_04278,2021.06.14.14.25.15_veh-26,12161728,7daba41546f932d13430a9f0b118835efe6c910e99bc7f2af9eeb12fc7991b83,625,142,45,1,0,0,34,10,142,44,stage2:train,20,20
2021.06.14.14.25.15_veh-26_04289_04406,2021.06.14.14.25.15_veh-26,6322191,5fc8e581f14297db33b550aa4c859d25cf87e9c6c6726a13f309adccd948bd34,234,24,17,1,0,0,14,2,24,16,stage2:train,4,4
2021.06.14.14.25.15_veh-26_04417_04531,2021.06.14.14.25.15_veh-26,3040588,e8ede28cf92d7fc786b955ed31341af7fc2f3bfad00feede7fe87d9db7a914b1,228,12,17,1,0,0,15,1,12,16,stage2:train,2,2
2021.06.14.14.25.15_veh-26_04542_04617,2021.06.14.14.25.15_veh-26,3818875,0eb6947c5ff5191bb2df7e9f5e3ac5dd4a0a0ba36b6387d17e54da47be9222c5,147,13,11,1,0,0,9,1,13,10,stage2:train,2,2
2021.06.14.14.25.15_veh-26_04936_05073,2021.06.14.14.25.15_veh-26,12111613,1f89b60659df57d1b2244046ab0272b6f1ebf6d05cc031ca122a6911b9fbfcaa,272,11,20,1,0,0,18,1,11,19,stage2:train,2,2
2021.06.14.14.25.15_veh-26_05108_05312,2021.06.14.14.25.15_veh-26,7671121,175b8311a1cad365fbb9b4ba22a564e0072dd73d61aa9c0f6dbf4294dabbfc7c,408,77,30,1,0,1,23,5,77,28,stage2:train,11,11
2021.06.14.16.32.09_veh-35_00016_00087,2021.06.14.16.32.09_veh-35,3156623,a11337120ed4413eec71a5cd3c264ca28c43053477caf96b9f545f1cd5abf413,142,6,11,1,0,0,9,1,6,10,stage3:train,1,1
2021.06.14.16.32.09_veh-35_00100_00272,2021.06.14.16.32.09_veh-35,7614755,9fd7214e8cfc7ad1e2bcf30b98b2d1a3cd1e81448605791110e00e496e7e822c,344,13,25,1,0,0,23,1,13,24,stage3:train,2,2
2021.06.14.16.32.09_veh-35_00283_00357,2021.06.14.16.32.09_veh-35,3092768,e23bd23794a9cf2ce869ce91258bace65031f2482983ce94f7477e7483851028,148,9,11,1,0,0,9,1,9,10,stage3:train,2,2
2021.06.14.16.32.09_veh-35_00574_00989,2021.06.14.16.32.09_veh-35,19350354,a5cc87fcf3fc05d2b118a5c3ee9da2f08dc281788d7b97a088ba363d49e8738f,830,140,60,1,0,0,48,11,140,59,stage3:train,23,23
2021.06.14.16.32.09_veh-35_01219_01415,2021.06.14.16.32.09_veh-35,7333593,79067f0578bbf7997616065e695d74eb902fb50b745ea27615d97f2e1acf213c,392,41,28,0,0,0,25,3,41,28,stage3:train,6,6
2021.06.14.16.32.09_veh-35_01489_01563,2021.06.14.16.32.09_veh-35,2761568,292f9afc2295ce7cf3ea4c562cc66d0ce69105600fbcdd24cc981f69f90aafb0,148,31,11,1,0,0,8,2,31,10,stage3:train,5,5
2021.06.14.16.32.09_veh-35_01620_01699,2021.06.14.16.32.09_veh-35,6463231,bae9a003fab6758e4badcc3517199c1e83987fda3356aa7177c37a3fc92a0b70,158,10,12,1,0,0,10,1,10,11,stage3:train,2,2
2021.06.14.16.32.09_veh-35_01710_01770,2021.06.14.16.32.09_veh-35,3283265,a096f644465d75798653f7298783988dd6789798af2362d86a04c83365276c51,120,33,9,1,0,0,6,2,33,8,stage3:train,4,4
2021.06.14.16.32.09_veh-35_01781_02379,2021.06.14.16.32.09_veh-35,30792773,6889c61dad120a6a88f846451d2c29811b8481d6ca719e97f5124ba0796b140b,1196,234,86,1,0,0,67,18,234,85,stage3:train,32,32
2021.06.14.16.32.09_veh-35_02435_02526,2021.06.14.16.32.09_veh-35,3158544,812ca8383300ed2989dd6c6c20acf53f4cb3eda57918a64e52505ebbcdc032bb,182,19,13,0,0,0,12,1,19,13,stage3:train,2,2
2021.06.14.16.32.09_veh-35_02537_02597,2021.06.14.16.32.09_veh-35,2157940,b9da8cc7a6558aab23c7961fd2b821f1346b0a11fcf7f4e6807eb50e4626c9b6,120,3,9,1,0,0,8,0,3,8,stage3:train,1,1
2021.06.14.16.32.09_veh-35_02618_02873,2021.06.14.16.32.09_veh-35,14987680,30f43b64830e3f177016b8ac18cd52715531a5c76676dea21cfd267160293960,510,155,37,1,0,0,24,12,155,36,stage3:train,18,18
2021.06.14.16.32.09_veh-35_02928_03118,2021.06.14.16.32.09_veh-35,8481952,0b76e00a3f159761cac5ba645f9a150d176cedd3e9ed6b5faed322bd0f14078d,380,74,28,1,0,0,21,6,74,27,stage3:train,11,11
2021.06.14.16.32.09_veh-35_03129_03220,2021.06.14.16.32.09_veh-35,2758120,bb87f2c118795e4bdaa5bb2be38c327d8448a96e8d3643925468877649d9da29,182,51,13,0,0,0,7,6,51,13,stage3:train,7,7
2021.06.14.16.32.09_veh-35_03231_03426,2021.06.14.16.32.09_veh-35,9843092,00951ac94f50213f2e93f4a6eda30b151514488ba83ed81ea04e509abb890c2d,390,86,28,1,0,0,20,7,86,27,stage3:train,12,12
2021.06.14.16.32.09_veh-35_03438_03580,2021.06.14.16.32.09_veh-35,5731916,8faaa78aeb0b99004cd38596348b00e2b3826fd495c7df06431cd9f2a46ace64,284,16,21,1,0,0,19,1,16,20,stage3:train,4,4
2021.06.14.16.32.09_veh-35_03635_03792,2021.06.14.16.32.09_veh-35,13592607,af38f553375eb4d892b1d8f3227b9c8a732dbb28f70e512db4551a105d3b6502,314,2,23,1,0,0,22,0,2,22,stage3:train,1,1
2021.06.14.16.32.09_veh-35_03803_04103,2021.06.14.16.32.09_veh-35,19310456,9b84b3e38a7447b83b87039b72b84e52b39837dd71584ff10995affd19346d1a,600,108,43,1,0,0,31,11,108,42,stage3:train,13,13
2021.06.14.16.32.09_veh-35_04114_04359,2021.06.14.16.32.09_veh-35,10543293,ec29d8c384858e6d83134b8415967839d36957edb37a0a4089103e224fae6ce1,490,64,35,0,0,0,30,5,64,35,stage3:train,11,11
2021.06.14.16.32.09_veh-35_04516_04698,2021.06.14.16.32.09_veh-35,7414355,a15a866d9e05449f6cf1307f817a9764b197e4a13b3f1829ff7b87c31d41bf09,364,19,26,0,0,0,23,3,19,26,stage3:train,4,4
2021.06.14.16.32.09_veh-35_04749_05027,2021.06.14.16.32.09_veh-35,8976057,9c981e50723b8207d7be4836cbb306cd27e91c45abe1f7a84eaa01ce9e5e9f85,556,5,40,1,0,0,39,0,5,39,stage3:train,1,1
2021.06.14.16.32.09_veh-35_05038_05402,2021.06.14.16.32.09_veh-35,24504931,3755612f5892ca8212e2f478eaa918208bec575308f607b6d70eeeec0586d40c,728,38,52,0,0,0,50,2,38,52,stage3:train,5,5
2021.06.14.16.48.02_veh-12_00009_00127,2021.06.14.16.48.02_veh-12,3213466,fb3960b3533f874865174ce8ab1bc85ab74a77533deef71bab57651516109f55,235,65,17,1,0,0,12,4,65,16,stage3:train,11,11
2021.06.14.16.48.02_veh-12_00285_00574,2021.06.14.16.48.02_veh-12,11657222,414284fdabc260dd33765539e23dd590bb0f518c47ecd96aa4184dad622d533e,576,30,42,1,0,0,39,2,30,41,stage3:train,4,4
2021.06.14.16.48.02_veh-12_00585_00672,2021.06.14.16.48.02_veh-12,3089722,bb622f856d9735f107a697ba5c8a0e7ed9f14ba1e653262e15e7fabb895ea85a,174,29,13,1,0,0,10,2,29,12,stage3:train,5,5
2021.06.14.16.48.02_veh-12_00721_00828,2021.06.14.16.48.02_veh-12,7371888,a02c90c117c4dd5423253b357e4ef5f8fba5013897aa0f5c1f0bb8a0d94fe186,214,29,16,1,0,0,12,3,29,15,stage3:train,6,6
2021.06.14.16.48.02_veh-12_00839_00980,2021.06.14.16.48.02_veh-12,6964761,3987c5b3c04b868df0ce9a7b61c3a63fbc2c8d22624bc79531ea1f5968520112,279,62,20,1,0,0,14,5,62,19,stage3:train,8,8
2021.06.14.16.48.02_veh-12_01020_01720,2021.06.14.16.48.02_veh-12,29386180,deb17aa1657ff59e4265a78d8ea8ccf7d5313e3c7ae565f6e017ae485cc38806,1392,264,100,1,0,0,77,22,264,99,stage3:train,32,32
2021.06.14.16.48.02_veh-12_01732_01853,2021.06.14.16.48.02_veh-12,5912035,f64d20027da7e5cac7233f3788a98f0bd5fe3c0981fd66aa55407865b029cbe6,241,88,18,1,0,0,12,5,88,17,stage3:train,13,13
2021.06.14.16.48.02_veh-12_01880_02198,2021.06.14.16.48.02_veh-12,17786350,5fe95efc7118b473f5498e944dd133b7e6b2d45bca80e97aee121a5c498945ec,633,105,46,1,0,0,38,7,105,45,stage3:train,14,14
2021.06.14.16.48.02_veh-12_02317_02401,2021.06.14.16.48.02_veh-12,2637465,9d1ebf9713320e7fc7bcb2c66ef0ff04f51ef5b076f8d612b6d342052450f073,167,64,12,1,0,0,8,3,64,11,stage3:train,8,8
2021.06.14.16.48.02_veh-12_02412_02506,2021.06.14.16.48.02_veh-12,6489058,cf78e90b883170a45c3fc900ad7e8ad53d052ae875c6eeb5a5ebe60627664e19,188,41,14,1,0,0,9,4,41,13,stage3:train,5,5
2021.06.14.16.48.02_veh-12_02517_02590,2021.06.14.16.48.02_veh-12,3885278,1bff56f314559696074c0c09599f8d001e09e752ac8102d5ffbb3df56c6178b3,146,13,11,1,0,0,10,0,13,10,stage3:train,2,2
2021.06.14.16.48.02_veh-12_02679_02850,2021.06.14.16.48.02_veh-12,6494548,5779f301fef13c274f665bb692e4383a8d863b5dc311ba875ca7e2810e352b6e,340,7,25,1,0,0,24,0,7,24,stage3:train,1,1
2021.06.14.16.48.02_veh-12_02861_03047,2021.06.14.16.48.02_veh-12,13376294,83e985f8b08da1ee7206c05d8d88fd164130754098af44e2f25f99862efeb307,370,19,27,1,0,0,23,3,19,26,stage3:train,4,4
2021.06.14.16.48.02_veh-12_03091_03461,2021.06.14.16.48.02_veh-12,23529545,13a8e11ba79272e3aa552b246e0ca97d1235fcd34ab98e7065f42e5cc2132359,731,138,53,1,0,0,42,10,138,52,stage3:train,18,18
2021.06.14.16.48.02_veh-12_03472_03779,2021.06.14.16.48.02_veh-12,12085469,db5bbd773899d3c8cf8b65f5f332214450cbdb2a7077dca095026a089ec7f72a,611,161,44,1,0,0,30,13,161,43,stage3:train,24,24
2021.06.14.16.48.02_veh-12_03790_04046,2021.06.14.16.48.02_veh-12,10293453,33cc3b5ff527a8fa38a6097f0390a78f1804ea673f772501fac528b5b78f2e15,508,16,37,1,0,0,35,1,16,36,stage3:train,4,4
2021.06.14.16.48.02_veh-12_04057_04438,2021.06.14.16.48.02_veh-12,19283754,09e4ad4f35abbe37950e39100b9fdc3c26a76c089c70f8f22a244e86ef645012,759,112,55,1,0,0,47,7,112,54,stage3:train,15,15
2021.06.14.16.48.02_veh-12_04492_04604,2021.06.14.16.48.02_veh-12,7929031,b2d41a6786f738dbbdd0818cce72f8882ef6904f42f5a685dc3e5b0fe1f527e2,220,30,16,1,0,0,12,3,30,15,stage3:train,5,5
2021.06.14.16.48.02_veh-12_04615_04689,2021.06.14.16.48.02_veh-12,3017577,75ef4911b3ca6944cb8064b152e824fd106a3ff88fd6c4d980d25a18eb8ee27e,148,14,11,1,0,0,9,1,14,10,stage3:train,2,2
2021.06.14.16.48.02_veh-12_04783_04967,2021.06.14.16.48.02_veh-12,6369616,c9c6b94cdd46d2e3ef4fa05fe68d9c4c2912cd6efac850ab78beea1c8b96b40d,363,72,26,1,0,0,21,4,72,25,stage3:train,11,11
2021.06.14.16.48.02_veh-12_04978_05337,2021.06.14.16.48.02_veh-12,16123711,a0598612cca08018142468c4a64c2810dcde258a75c23e42471b829c691ea22d,713,61,51,1,0,0,44,6,61,50,stage3:train,9,9
2021.06.14.17.26.26_veh-38_00104_00944,2021.06.14.17.26.26_veh-38,47875359,842c9087e44dfb21aa1a1cc6d99819e40fa670b005af7317525306fd78651564,1673,177,120,1,0,0,103,16,177,119,stage1:train,27,27
2021.06.14.17.26.26_veh-38_00955_01067,2021.06.14.17.26.26_veh-38,6921955,bfdd3bfd5ba46afd1a8a74f7f281162da2316d191c880e67f8e3046a9b3acba0,224,20,16,0,0,0,15,1,20,16,stage1:train,2,2
2021.06.14.17.26.26_veh-38_01078_01166,2021.06.14.17.26.26_veh-38,3791313,b653dfadb23eb66d58da2e1fd6915844078f4374e2a6206a4667c6b832e60dad,174,33,13,1,0,0,8,4,33,12,stage1:train,4,4
2021.06.14.17.26.26_veh-38_01177_01256,2021.06.14.17.26.26_veh-38,4916914,89ca7d8cd59e7f43a4050a1e84d9c10d08f7f6cee84a62b4ba516882dbe2cf00,158,19,12,1,0,0,10,1,19,11,stage1:train,4,4
2021.06.14.17.26.26_veh-38_01293_01488,2021.06.14.17.26.26_veh-38,7643475,29ba1f8bc333f1fa22844e7edab3f4e405e6f7cbd9c3ea7d5ad29c46c623f5d3,387,112,28,1,0,0,19,8,112,27,stage1:train,14,14
2021.06.14.17.26.26_veh-38_01499_01849,2021.06.14.17.26.26_veh-38,14890934,7e18992a1c27d2a30b3f36ab03ba9caa94f9a0e2ce99e614c191944710b8c488,693,40,50,1,0,0,48,1,40,49,stage1:train,6,6
2021.06.14.17.26.26_veh-38_01860_02729,2021.06.14.17.26.26_veh-38,43204746,6d5818beee4019c8770b59686b126e10933a93c92a5d8113547bf0f5793d54e5,1728,314,124,1,0,0,101,22,314,123,stage1:train,46,46
2021.06.14.17.26.26_veh-38_02740_03036,2021.06.14.17.26.26_veh-38,12868435,37dd40730ee917af04a7f8abf4cf29af96d55fbf6044e4449afc2402b39cbc65,589,36,43,1,0,0,40,2,36,42,stage1:train,4,4
2021.06.14.17.26.26_veh-38_03238_03403,2021.06.14.17.26.26_veh-38,12884365,61f5fa3f7aa4402acfbaea47149cc14b81fefb3695ba36ce2640cb1ed6273eb6,327,19,24,1,0,0,22,1,19,23,stage1:train,3,3
2021.06.14.17.26.26_veh-38_03414_03761,2021.06.14.17.26.26_veh-38,12679400,dcf2b48b57b9526f5d7a45b5b5da7ce32fbb215d75ef8c9e5fd15e65ba20f92d,689,114,50,1,0,0,39,10,114,49,stage1:train,18,18
2021.06.14.17.26.26_veh-38_03772_03967,2021.06.14.17.26.26_veh-38,9177990,12285d0290b7cac0e1c6b8fb3a73a0347a17b7aed0076b363e36ca2f25e2ab99,387,64,28,1,0,0,20,7,64,27,stage1:train,11,11
2021.06.14.17.26.26_veh-38_04030_04274,2021.06.14.17.26.26_veh-38,9805192,fb46ae63bcc6f98be216072d56999c86202ea18f9526935a3c51f4c81767c3b9,487,5,35,1,0,0,33,1,5,34,stage1:train,1,1
2021.06.14.17.26.26_veh-38_04544_04920,2021.06.14.17.26.26_veh-38,22042669,182df5a9da6e2b5b812738d5e5be96650bd404c92aedb4ccd1213e0542a3113b,749,78,54,1,0,0,46,7,78,53,stage1:train,14,14
2021.06.14.17.26.26_veh-38_04931_05037,2021.06.14.17.26.26_veh-38,2975281,e33f5748bb13d4af9afcdde4fe3c7666be292666571f27f2f8c0f3f4c9a6560d,212,56,16,1,0,0,12,3,56,15,stage1:train,9,9
2021.06.14.17.26.26_veh-38_05048_05270,2021.06.14.17.26.26_veh-38,10987908,a12d475f3083ede540d316a3cf7ec6be28084b4e3844909e55679addd2561b26,443,51,32,1,0,0,27,4,51,31,stage1:train,9,9
2021.06.14.17.26.26_veh-38_05281_05444,2021.06.14.17.26.26_veh-38,7707035,8abbaf53e4550e258ef23e7e39cb156506a0c8c1e73ba4c24e90861a8193c640,324,19,24,1,0,0,22,1,19,23,stage1:train,2,2
2021.06.14.17.26.26_veh-38_05455_05749,2021.06.14.17.26.26_veh-38,21352572,432ddc1ba247849f93790ba1d13f8a656cd243b66fa201a6a1be274194e500c0,587,117,42,1,0,0,32,9,117,41,stage1:train,12,12
2021.06.14.17.26.26_veh-38_05760_05896,2021.06.14.17.26.26_veh-38,8307487,6dcc99bd2797bbff1f8f5e82a935f92cb53ea4af734881c6939b643e2b9507ca,272,28,20,1,0,2,13,4,28,17,stage1:train,5,5
2021.06.14.18.13.35_veh-26_00027_00215,2021.06.14.18.13.35_veh-26,8978889,d7e3f4fa7f96a17a4c8ff2b426e2cf6ae6a047eb141f5a6be32e33d5e6f023e7,377,28,27,1,0,0,24,2,28,26,stage1:train,5,5
2021.06.14.18.13.35_veh-26_00259_00374,2021.06.14.18.13.35_veh-26,4717244,9b462d13219733cc1ddd9a44c387111b32162ec579ec24720168409a24e5f1fd,229,3,17,1,0,0,16,0,3,16,stage1:train,1,1
2021.06.14.18.13.35_veh-26_00385_00471,2021.06.14.18.13.35_veh-26,7905741,2f1e39a70d44a94ae11bb69c8a862c9887f9fae4ab19450dce9f41a7effd8ede,173,19,13,1,0,0,11,1,19,12,stage1:train,2,2
2021.06.14.18.13.35_veh-26_00522_00702,2021.06.14.18.13.35_veh-26,14116609,ebedc886bfa717edb20734798d998c6dd8de1308a219d5e26d51f142fcd7b164,361,50,26,1,0,0,21,4,50,25,stage1:train,8,8
2021.06.14.18.13.35_veh-26_00713_00818,2021.06.14.18.13.35_veh-26,4593574,2ac7c18d091dfe7ca3037d292f267ea9666be2de109714e741fc0d06eb4fbf58,210,29,15,0,0,0,14,1,29,15,stage1:train,4,4
2021.06.14.18.13.35_veh-26_00863_00924,2021.06.14.18.13.35_veh-26,1585245,c3e444855639682d80d6a354281f456db57b9f73b84fb5cef536eeae933ffec5,123,36,9,1,0,0,4,4,36,8,stage1:train,6,6
2021.06.14.18.13.35_veh-26_00954_01050,2021.06.14.18.13.35_veh-26,3199627,7cb3d2d05f99eaf95953ab0a760e18e15acebecf17c5bbc798d5dd500cbf3eef,193,33,14,1,0,0,11,2,33,13,stage1:train,5,5
2021.06.14.18.13.35_veh-26_01062_01139,2021.06.14.18.13.35_veh-26,5447867,b9fec1f7334e322dc09d4fab88b325be55293705d166a48155c745b00ed073d9,155,38,12,1,0,0,10,1,38,11,stage1:train,4,4
2021.06.14.18.13.35_veh-26_01150_01320,2021.06.14.18.13.35_veh-26,7871888,116882e9f1b04e0e6c05273069cf930a706dc9e9e5d4b08e4623c4a9da20457e,341,3,25,1,0,0,23,1,3,24,stage1:train,2,2
2021.06.14.18.13.35_veh-26_01331_01526,2021.06.14.18.13.35_veh-26,7656645,9ef57d8b6d732525c8615dc198795e32edfc4bd9d015c6f123dff9867cebb79a,391,40,28,1,0,0,23,4,40,27,stage1:train,5,5
2021.06.14.18.13.35_veh-26_01537_01717,2021.06.14.18.13.35_veh-26,12640315,96b714c7bf63e9b00659ddad5702d573f7a298040eda65fa9c06bcf730ad68f9,360,30,26,1,0,0,23,2,30,25,stage1:train,5,5
2021.06.14.18.13.35_veh-26_01728_01918,2021.06.14.18.13.35_veh-26,15603936,635c22cf4472107ea71829b450579ef01c9dd635d2fe87d6462685fa5acae69e,381,67,28,1,0,0,23,4,67,27,stage1:train,9,9
2021.06.14.18.13.35_veh-26_01931_02022,2021.06.14.18.13.35_veh-26,3845468,4c71498dc121578fa74251e8589c397acecd10dcffd5a4147917b2eba927156d,183,21,14,1,0,0,12,1,21,13,stage1:train,3,3
2021.06.14.18.13.35_veh-26_02033_02313,2021.06.14.18.13.35_veh-26,10519925,91350561b4e3a8583877ee5ea79c3403688da1b7a9a3f7a9d6b0a9393a6f19c1,560,155,40,0,0,0,31,9,155,40,stage1:train,22,22
2021.06.14.18.13.35_veh-26_02324_02430,2021.06.14.18.13.35_veh-26,6996639,c91d08919a2f2c6fda838506ca64ee30c5ec3788fd3cbd77b05d3b55e6391a3a,213,19,16,1,0,0,15,0,19,15,stage1:train,4,4
2021.06.14.18.13.35_veh-26_02441_02514,2021.06.14.18.13.35_veh-26,4220699,ce905f5ad85e2cd6e0b466c85f3ae5e50e1e13d7fcd982644d886f4114ce6c16,146,8,11,1,0,0,10,0,8,10,stage1:train,2,2
2021.06.14.18.13.35_veh-26_02724_02920,2021.06.14.18.13.35_veh-26,11534789,1000810d472ba6fa0a708664351c80b708b649a9569909e569659c34f946f748,393,92,29,1,0,0,23,5,92,28,stage1:train,11,11
2021.06.14.18.13.35_veh-26_03030_03119,2021.06.14.18.13.35_veh-26,5513776,3eb80188fa47cd652ef547c7ee2c7e45301d5de68c5dd9012b8a020ba139147f,178,28,13,1,0,0,10,2,28,12,stage1:train,3,3
2021.06.14.18.13.35_veh-26_03130_03197,2021.06.14.18.13.35_veh-26,2654067,a2b8e4afd77e7a9fc50a2e4a7870fde907522caafab0b3a6d0d42e2e134713cb,135,10,10,1,0,0,8,1,10,9,stage1:train,1,1
2021.06.14.18.13.35_veh-26_03258_03349,2021.06.14.18.13.35_veh-26,2678976,5342876dbeaf8d09ce88818f034e5ce115645b239c7bd0089ae72a2bae0a7760,183,41,14,1,0,0,12,1,41,13,stage1:train,6,6
2021.06.14.18.13.35_veh-26_03401_03691,2021.06.14.18.13.35_veh-26,16228547,8fe35656554cc3079bd462a53b9ef47cbfbafb9aaf1c8b83a597cc2265581523,580,28,42,1,0,0,39,2,28,41,stage1:train,5,5
2021.06.14.18.13.35_veh-26_03853_03946,2021.06.14.18.13.35_veh-26,4759924,33fef1470a0a126c20a85d7d6ab813edc7dd087b80aaa18b336ecef7f0aa3886,187,12,14,1,0,0,12,1,12,13,stage1:train,2,2
2021.06.14.18.13.35_veh-26_04204_04323,2021.06.14.18.13.35_veh-26,10463020,e104ff3c99f171764e26e565a42c1ca914d76e8d6a6d398d1e3b7b3cd379bf0c,239,4,18,1,0,0,17,0,4,17,stage1:train,1,1
2021.06.14.18.13.35_veh-26_04412_04536,2021.06.14.18.13.35_veh-26,6220532,77e8e01c836a4de45187c924dd2f064d57bb95afbb2761705e6b955c06c707dc,249,54,18,1,0,0,13,4,54,17,stage1:train,8,8
2021.06.14.18.13.35_veh-26_04547_04710,2021.06.14.18.13.35_veh-26,4710150,1452fa41ee4ce36fab38bbe3f45f44deebc3d69044b9b95f6f1703c12fa91cf3,327,89,24,1,0,0,17,6,89,23,stage1:train,12,12
2021.06.14.18.13.35_veh-26_04721_04800,2021.06.14.18.13.35_veh-26,3846508,038c956a5e01d25503671ee55569d7d28ff01bc3948ebf2829de668f206f6c3a,159,7,12,1,0,0,10,1,7,11,stage1:train,2,2
2021.06.14.18.13.35_veh-26_04811_04953,2021.06.14.18.13.35_veh-26,5105366,1b2cf578b554cf3d0e64541ce12906b5713a6786ca8bd142369d953bae82a345,285,13,21,1,0,0,19,1,13,20,stage1:train,2,2
2021.06.14.18.13.35_veh-26_04964_05075,2021.06.14.18.13.35_veh-26,5317977,a459d0aabef4753185fd0f90851ab27a27d7a63a290296f0e942823a7a0ae77a,223,3,16,1,0,0,15,0,3,15,stage1:train,1,1
2021.06.14.18.13.35_veh-26_05422_05488,2021.06.14.18.13.35_veh-26,4243944,9b5c01085d462304f163fd8e77cf6f027b8c28cbfcc99c778f6781685d4a0b49,131,24,10,1,0,0,7,2,24,9,stage1:train,5,5
2021.06.14.18.13.35_veh-26_05600_05660,2021.06.14.18.13.35_veh-26,3947743,618a203130c67532d39cade4d0d32c16b924ea1cf082a73fe0f955fba9bab4f3,120,15,9,1,0,0,7,1,15,8,stage1:train,3,3
2021.06.14.18.13.35_veh-26_05671_05749,2021.06.14.18.13.35_veh-26,1984091,3bcf8f6eb4357611b67ca129cd78a1f258550882f60dc67d782d6c331b21fc63,155,38,12,1,0,1,7,3,38,10,stage1:train,5,5
2021.06.14.18.33.41_veh-35_00016_00213,2021.06.14.18.33.41_veh-35,11081323,83a53689b2df6d4b7cdc8bef233e46e64c1f04fc636c817dc53993ebd6d89ccc,394,1,29,1,0,0,28,0,1,28,stage1:train,1,1
2021.06.14.18.33.41_veh-35_00488_00562,2021.06.14.18.33.41_veh-35,5885458,8be3cbd5617928f56398a9d851f15549c0f2a7ebfc5ed470b7a5aec45bb19755,148,23,11,1,0,0,7,3,23,10,stage1:train,3,3
2021.06.14.18.33.41_veh-35_00573_00643,2021.06.14.18.33.41_veh-35,3017636,0718737bcdeffcb728bb52c75bad1a2f945829207a22ac3de2e6be847371d9d8,140,13,10,0,0,0,9,1,13,10,stage1:train,2,2
2021.06.14.18.33.41_veh-35_00654_00887,2021.06.14.18.33.41_veh-35,9282359,06cbf1b2774e8cc2ac723f0bdbe65aa45c00e95fd2bb2e24844c1da8b506ba54,466,118,34,1,0,0,24,9,118,33,stage1:train,16,16
2021.06.14.18.33.41_veh-35_00898_01182,2021.06.14.18.33.41_veh-35,13597537,aac966ff1dfa1a0b7c29ca1e3d6624cdd3ccad8fdefa4edb954663e9fb684158,568,57,41,1,0,0,36,4,57,40,stage1:train,8,8
2021.06.14.18.33.41_veh-35_01193_01304,2021.06.14.18.33.41_veh-35,6416026,e218bef716a633ba1f7dc9402da2ed13b87bae14b35198cd922ca3a5b0e5b8dd,222,16,16,1,0,0,14,1,16,15,stage1:train,2,2
2021.06.14.18.33.41_veh-35_01363_01636,2021.06.14.18.33.41_veh-35,22490993,cb4ad42ebd9357b7a398b47bed4525f2acfe550a4bd31ba569b4c14961c296ec,546,108,39,0,0,0,33,6,108,39,stage1:train,13,13
2021.06.14.18.33.41_veh-35_01647_01714,2021.06.14.18.33.41_veh-35,3237245,c80670c03bd4844c7fb0f973b6d40b69b526e13dff7293f5e212372ad087f6ba,134,8,10,1,0,0,8,1,8,9,stage1:train,2,2
2021.06.14.18.33.41_veh-35_01739_01918,2021.06.14.18.33.41_veh-35,6992368,68ed9c94b7c5adfc783a1ee34a87e51c4a248210649d0f0db2e6d3ac1e8d83ba,358,17,26,1,0,0,25,0,17,25,stage1:train,3,3
2021.06.14.18.33.41_veh-35_01970_02043,2021.06.14.18.33.41_veh-35,2139913,c5400ef204a384b2006cebd6d66566aa3f5022713d741dba0ab2a7915fb9362a,146,21,11,1,0,0,8,2,21,10,stage1:train,3,3
2021.06.14.18.33.41_veh-35_02054_02129,2021.06.14.18.33.41_veh-35,2953922,8eb6fe834364a4c576b661507a9a048202a0ebc1457dfd2dd1a1b0cfb657ade8,150,1,11,1,0,0,10,0,1,10,stage1:train,1,1
2021.06.14.18.33.41_veh-35_02140_02328,2021.06.14.18.33.41_veh-35,9540580,35e0204d200622f19b1599e4b34a9f87a46e2bcbec36af5f0b91336811cd0f40,376,18,27,1,0,0,25,1,18,26,stage1:train,3,3
2021.06.14.18.33.41_veh-35_02339_02447,2021.06.14.18.33.41_veh-35,5246583,5aedc2b6ac93a4f211f23f0f98fb71dec181defab92e61db04d76e3d3103a8f7,216,72,16,1,0,0,7,8,72,15,stage1:train,9,9
2021.06.14.18.33.41_veh-35_02521_03356,2021.06.14.18.33.41_veh-35,38761389,cbbbdeac039a802e1592d2e523b35cbc445489cc251ffd38da64482617761910,1670,242,120,1,0,0,104,15,242,119,stage1:train,37,37
2021.06.14.18.33.41_veh-35_03367_03508,2021.06.14.18.33.41_veh-35,10708563,eea4528fc83ba5401a34ccb0962d9cef9cf801d0b0db6a3fa7f753a9cbfa233a,282,25,21,1,0,0,19,1,25,20,stage1:train,5,5
2021.06.14.18.33.41_veh-35_03575_03668,2021.06.14.18.33.41_veh-35,6050566,dee8760395eaaca02885d4d8c842377162e66ade6dab0fc91cb7f7f7c199856d,186,32,14,1,0,0,12,1,32,13,stage1:train,3,3
2021.06.14.18.33.41_veh-35_03679_03787,2021.06.14.18.33.41_veh-35,7649151,3d1a8576171ef7c79482e60261648b8003afab5d4eb627ee892da6d03401b2d3,216,46,16,1,0,0,11,4,46,15,stage1:train,6,6
2021.06.14.18.33.41_veh-35_03798_03867,2021.06.14.18.33.41_veh-35,3348814,f887e1eff5f69254be555549b180ed6fbab6c3711c8b13ed6b73485751c2be7f,138,24,10,1,0,0,8,1,24,9,stage1:train,3,3
2021.06.14.18.33.41_veh-35_03901_04264,2021.06.14.18.33.41_veh-35,14651262,004eea91dbefe6f56b096e750c3365e4dddd21842e9197b27b2c291e18d9e6ea,726,148,52,1,0,0,39,12,148,51,stage1:train,23,23
2021.06.14.18.33.41_veh-35_04275_04435,2021.06.14.18.33.41_veh-35,7470883,8f0057e4ad7241ff01e9e1751be29e158f5f1c991a20393324a92f7270086c50,320,6,23,1,0,0,22,0,6,22,stage1:train,2,2
2021.06.14.18.33.41_veh-35_04446_04756,2021.06.14.18.33.41_veh-35,13150864,1f663a4a7b47b1f7e6b3fb78c0f3b9d9a8b1339c7e04231b16e2d1fd283fe671,620,105,45,1,0,0,37,7,105,44,stage1:train,16,16
2021.06.14.18.33.41_veh-35_04768_04894,2021.06.14.18.33.41_veh-35,7140175,d2ed3f5cd90e74cc2beff731d258d4d0fc3858002ba84457d54a9862488f8581,252,27,18,0,0,0,17,1,27,18,stage1:train,6,6
2021.06.14.18.33.41_veh-35_04905_05090,2021.06.14.18.33.41_veh-35,8323053,c5bb0b78e34ffc484be55e6d17d779854c072f43abcef9356a6dce25361e043d,370,53,27,1,0,0,24,2,53,26,stage1:train,8,8
2021.06.14.18.42.45_veh-12_00016_00185,2021.06.14.18.42.45_veh-12,5807726,9d9c965baa9567a23e62a37177ae6dd9f324a683e4a6165bca8d1648d37760d2,336,60,24,0,0,0,21,3,60,24,stage3:train,9,9
2021.06.14.18.42.45_veh-12_00364_00501,2021.06.14.18.42.45_veh-12,4222555,7dc43200927a3a7754cd03c5e88396e5c9387306cdc01c62e4883ffcbe80ee7b,272,4,20,1,0,0,18,1,4,19,stage3:train,1,1
2021.06.14.18.42.45_veh-12_00547_00777,2021.06.14.18.42.45_veh-12,15915551,f3e992fbefea4d3d31b42c79fcabc1600f9ba06644ac64a93e71c8b03a8b07e3,457,52,33,1,0,0,29,3,52,32,stage3:train,8,8
2021.06.14.18.42.45_veh-12_00789_00920,2021.06.14.18.42.45_veh-12,8997590,c6d3d2905a26dad64334d42485ee37e842b708a7bfa88d6ba428e10fa2667c54,262,50,19,1,0,0,15,3,50,18,stage3:train,8,8
2021.06.14.18.42.45_veh-12_00968_01052,2021.06.14.18.42.45_veh-12,4370083,a3d3941123caa728519d17805cc783e93a336fa4429d60ef7870cda9bcd4c64d,168,47,12,0,0,0,11,1,47,12,stage3:train,7,7
2021.06.14.18.42.45_veh-12_01065_01152,2021.06.14.18.42.45_veh-12,2763782,c51e458b4282c933f1f5ce98939959f38eea07b24981d86460982f4cc4306e3b,174,30,13,1,0,0,9,3,30,12,stage3:train,4,4
2021.06.14.18.42.45_veh-12_01253_01334,2021.06.14.18.42.45_veh-12,3839103,c9581ee93287d55fbf1be0c6fd0cac8eaae49d8e300b8a91696a52fe7b6a87f0,160,8,12,1,0,0,10,1,8,11,stage3:train,1,1
2021.06.14.18.42.45_veh-12_01345_01523,2021.06.14.18.42.45_veh-12,6532922,7dadd5788fab37791fdfe40a359e989060a3411a9cf5703c1af5d07948993e34,353,12,26,1,0,0,24,1,12,25,stage3:train,3,3
2021.06.14.18.42.45_veh-12_01535_01612,2021.06.14.18.42.45_veh-12,3620738,502456263835b7f2a558a90f5e8d95af7f23a1d67e8cb2f29da41daddd1cf567,154,34,11,0,0,0,10,1,34,11,stage3:train,5,5
2021.06.14.18.42.45_veh-12_01680_01744,2021.06.14.18.42.45_veh-12,3296653,7f66f847412d8db1e94d82a04e5e7b8b048587b4e804aa2ad2e03b9a7bf465cb,128,37,10,1,0,0,5,4,37,9,stage3:train,5,5
2021.06.14.18.42.45_veh-12_01762_02072,2021.06.14.18.42.45_veh-12,16914728,42dc6ab145673152eb3b2242c790e0774db57148e38be3e87f3c841ef98861b2,619,106,45,1,0,0,35,9,106,44,stage3:train,19,19
2021.06.14.18.42.45_veh-12_02099_02167,2021.06.14.18.42.45_veh-12,2483575,97a4fca18338aa7656fea5152d03b9026f82015e342e308969c48be1ea090dc2,136,39,10,1,0,0,7,2,39,9,stage3:train,5,5
2021.06.14.18.42.45_veh-12_02233_02300,2021.06.14.18.42.45_veh-12,3748334,71a5d1946c9a092c7ca5e0fdca4864592ec3255bdec8d64371ff9f2c38e96c21,132,28,10,1,0,0,7,2,28,9,stage3:train,4,4
2021.06.14.18.42.45_veh-12_02318_02407,2021.06.14.18.42.45_veh-12,2405546,d2d6966cf1a093d58176cd3c7e4de815fbd1a6b84bfcaac476bd8154f9112d04,175,4,13,1,0,0,12,0,4,12,stage3:train,1,1
2021.06.14.18.42.45_veh-12_02520_02585,2021.06.14.18.42.45_veh-12,4373856,17c4a5fc16853ba3828d80645a87ce826c9f2096f6c44831106aa8678c8e67f0,129,1,10,1,0,0,8,1,1,9,stage3:train,1,1
2021.06.14.18.42.45_veh-12_02596_02661,2021.06.14.18.42.45_veh-12,4321764,cdfc9a368cae2120bcb9a155d1fd8dbd3b5e642ec0fe6d4698d985f76afa5c82,129,13,10,1,0,0,8,1,13,9,stage3:train,2,2
2021.06.14.18.42.45_veh-12_02737_02967,2021.06.14.18.42.45_veh-12,11803531,9f050b14a68fa3f9f8ea52a7ea10b1d33cb55c4f74fcbea7d04c65f87eebbbbb,457,83,33,1,0,0,25,7,83,32,stage3:train,16,16
2021.06.14.18.42.45_veh-12_02978_03068,2021.06.14.18.42.45_veh-12,2974752,98546fd28b1850f562ed700a626e860759da8e827cb100d13681cdb1fc6288d3,179,43,13,1,0,0,10,2,43,12,stage3:train,7,7
2021.06.14.18.42.45_veh-12_03200_03329,2021.06.14.18.42.45_veh-12,8823252,54cd5b7c7bc536da33e2608d242f8d61542a4306a3a54a8797298c28cab20f3d,256,32,19,1,0,0,16,2,32,18,stage3:train,6,6
2021.06.14.18.42.45_veh-12_03340_03403,2021.06.14.18.42.45_veh-12,2573182,2246437243868f543d1968757561fadbc6a4b358924c7a04bea3c89de450346a,125,4,9,1,0,0,8,0,4,8,stage3:train,1,1
2021.06.14.18.42.45_veh-12_03445_03902,2021.06.14.18.42.45_veh-12,22604727,2db67238f216670092e26ef2f318f9819d137148ba56516a80aee535452bc2d8,909,92,65,1,0,0,55,9,92,64,stage3:train,16,16
2021.06.14.18.42.45_veh-12_03913_04017,2021.06.14.18.42.45_veh-12,4191828,1dd906af66059bca43449ecc741f636d268704dc57df1b97afd6ff25c467bddb,207,21,15,1,0,0,12,2,21,14,stage3:train,3,3
2021.06.14.18.42.45_veh-12_04086_04221,2021.06.14.18.42.45_veh-12,3959541,9ebeebd00bdf5ec5e46beb83b4401dd65d7ffcefb932c97c0543f0dc0bb554a1,268,91,20,1,0,0,11,8,91,19,stage3:train,14,14
2021.06.14.18.42.45_veh-12_04233_04472,2021.06.14.18.42.45_veh-12,13454578,ca9203ca8dff7f0ba6e976aa21ae6ca4b7676683f5a85dc650c095d4ad7ed0e1,473,44,34,1,0,0,30,3,44,33,stage3:train,4,4
2021.06.14.18.42.45_veh-12_04620_04742,2021.06.14.18.42.45_veh-12,4818133,53746e483ce6e7eb939fe714b5c342c0fd6f9215bd27ed668fb1ea4e18321623,243,6,18,1,0,0,17,0,6,17,stage3:train,2,2
2021.06.14.18.42.45_veh-12_04838_04927,2021.06.14.18.42.45_veh-12,6860052,c2ef7a9c7fdcec813b66f1acb6b210c941fdb6bdfa8ebc9fd256963f8b7135ab,177,29,13,1,0,0,9,3,29,12,stage3:train,4,4
2021.06.14.18.42.45_veh-12_05000_05079,2021.06.14.18.42.45_veh-12,3593234,8f1c294028c01ab2e00bdf77b9690973a8758002ed54d72b6dffce605b68dab7,157,27,12,1,0,0,9,2,27,11,stage3:train,4,4
2021.06.14.18.42.45_veh-12_05170_05261,2021.06.14.18.42.45_veh-12,5546572,32b211b00259c8ceb99c0b5eb5d165c317e6ed79ff3bff51a10103811dae4b0a,180,12,13,1,0,0,11,1,12,12,stage3:train,1,1
2021.06.14.19.22.11_veh-38_00040_00464,2021.06.14.19.22.11_veh-38,20017690,0feabcde9818229ce03f06cbb6290910eb03a9970b291f5b0d999cce27d4e9b8,848,30,61,1,0,0,58,2,30,60,stage3:train,5,5
2021.06.14.19.22.11_veh-38_00675_00889,2021.06.14.19.22.11_veh-38,15109827,7f9a08f66a9b6bfb5ab56c9363dc922324d3c064119d29940575ba232d90ef54,428,59,31,1,0,0,24,6,59,30,stage3:train,8,8
2021.06.14.19.22.11_veh-38_00910_01029,2021.06.14.19.22.11_veh-38,4625112,343891f3493f15a53a327adaa9ffdbeddae2a203749cf51dd62ce87a2e9313a1,238,64,17,0,0,0,10,7,64,17,stage3:train,10,10
2021.06.14.19.22.11_veh-38_01134_01389,2021.06.14.19.22.11_veh-38,10436834,78bfbb771a3ff7d886dc52c7f4c5d67144cdd5e316c36200161651112e80b7fc,510,60,37,1,0,0,32,4,60,36,stage3:train,8,8
2021.06.14.19.22.11_veh-38_01480_01860,2021.06.14.19.22.11_veh-38,17137226,069f7634789aefe0d06f6eb9330d3bc0239b8a9f3835b8de9829887def21144f,760,17,55,1,0,0,52,2,17,54,stage3:train,5,5
2021.06.14.19.22.11_veh-38_01871_02040,2021.06.14.19.22.11_veh-38,9657830,ae46d2293d16c25584a6e7ebd07da537ee5f37cc6cc0421b1af868d741a3ed3f,338,20,25,1,0,0,22,2,20,24,stage3:train,2,2
2021.06.14.19.22.11_veh-38_02051_02264,2021.06.14.19.22.11_veh-38,9386016,01eb5f0ecbe5ca96dbdeb0f129256c2a1c29af32d702ee9005c51e90c12cf83d,426,77,31,1,0,0,23,7,77,30,stage3:train,12,12
2021.06.14.19.22.11_veh-38_02275_02455,2021.06.14.19.22.11_veh-38,6202486,ee45d9f7aeaa4b3138f702ba4eb88f0ce41c9e447e400b982028885f75616f45,360,96,26,1,0,0,17,8,96,25,stage3:train,12,12
2021.06.14.19.22.11_veh-38_02466_02675,2021.06.14.19.22.11_veh-38,9319133,464b861f446d993abc8cc0417bb4452928ba4fd32e925c14b31f20015cfe0233,418,25,30,1,0,0,26,3,25,29,stage3:train,4,4
2021.06.14.19.22.11_veh-38_02686_02846,2021.06.14.19.22.11_veh-38,9806881,62ece652ec6a242191e033d645f887b0f0dbb4ee053f46d5d94e6614ae7e1cc8,320,4,23,1,0,0,21,1,4,22,stage3:train,1,1
2021.06.14.19.22.11_veh-38_02857_03230,2021.06.14.19.22.11_veh-38,21833668,0241773d68a6f0d784d1287ee8e30b123c6b868b791c7ca6e9ed25d8ecb96922,746,110,54,1,0,0,47,6,110,53,stage3:train,17,17
2021.06.14.19.22.11_veh-38_03242_03907,2021.06.14.19.22.11_veh-38,33656288,e981a48aa737504814317dd4f9e7260877705b37d4347940f814f599541769f2,1330,117,95,0,0,1,87,7,117,94,stage3:train,17,17
2021.06.14.20.14.09_veh-26_00024_00237,2021.06.14.20.14.09_veh-26,13167075,b73d91616df9e751319a41ce7d7562c7d81c9afb72d60a158e9ae0c542ec8c14,426,36,31,1,0,0,27,3,36,30,stage3:train,6,6
2021.06.14.20.14.09_veh-26_00248_00477,2021.06.14.20.14.09_veh-26,11606337,906345e6a172bff178963cf88a2d22f9dfc55f70b6db052279f54c13515fd13e,459,20,33,1,0,0,31,1,20,32,stage3:train,3,3
2021.06.14.20.14.09_veh-26_00488_00601,2021.06.14.20.14.09_veh-26,6601344,94654e4143a1afeec32397bc3eada8dc182f06721f7e984195434f9ebe1bbaa3,225,13,17,1,0,0,14,2,13,16,stage3:train,2,2
2021.06.14.20.14.09_veh-26_00612_01016,2021.06.14.20.14.09_veh-26,27509155,54a1d57918a90ab336f955c20afa22f5699f5b325321e6a4cadc0a9bec6a2d1e,808,35,58,1,0,0,56,1,35,57,stage3:train,5,5
2021.06.14.20.14.09_veh-26_01027_01110,2021.06.14.20.14.09_veh-26,2663892,eea2f83f56d06a3aaa3dbe0d829802146bf801bf81071e940bc045df435640e5,166,23,12,1,0,0,9,2,23,11,stage3:train,4,4
2021.06.14.20.14.09_veh-26_01121_01211,2021.06.14.20.14.09_veh-26,2956452,ba4396d814b297fe8a7edb83bee1ba2db853d579ca3a391bc3d90fb97068ed1c,180,5,13,1,0,0,12,0,5,12,stage3:train,1,1
2021.06.23.14.06.20_veh-26_00020_01142,2021.06.23.14.06.20_veh-26,41680602,3c241bd175cfd2144a7781f093656e0a239a11963ed270d68224c5d561109d86,2241,304,161,1,0,0,137,23,304,160,stage3:audit,41,41
2021.06.23.14.06.20_veh-26_01192_01541,2021.06.23.14.06.20_veh-26,14274366,d82ea01dbef28d9d2b1cc2aea5c47be314d247907c13ab6313661432c9d87e7c,697,90,50,1,0,0,41,8,90,49,stage3:audit,10,10
2021.06.23.14.06.20_veh-26_01563_02494,2021.06.23.14.06.20_veh-26,35759319,adcf869a33e2013706576cdbc68f3a62c20724aee5fc7f4c6a0a60f97901c931,1862,280,133,0,0,0,115,18,280,133,stage3:audit,40,40
2021.06.23.14.06.20_veh-26_02505_02775,2021.06.23.14.06.20_veh-26,10493526,ccff1f20c8b88829af13a9c9f561a55451484edb5fa18329796790c7f3eaa762,540,64,39,1,0,1,34,3,64,37,stage3:audit,9,9
2021.06.23.14.54.32_veh-16_00016_00290,2021.06.23.14.54.32_veh-16,8613346,fd114b534115879321d5f94a21234d780bd592de485defcad9b0462972f5c220,548,90,40,1,0,0,30,9,90,39,stage1:train,14,14
2021.06.23.14.54.32_veh-16_00301_00410,2021.06.23.14.54.32_veh-16,5850542,992af65cd97c89f9301e3b50f9db4d18c20c655522ef501910f7b1d21dd3a1fd,218,23,16,1,0,0,13,2,23,15,stage1:train,3,3
2021.06.23.14.54.32_veh-16_00421_00625,2021.06.23.14.54.32_veh-16,8416020,b4f9f9a582be2d3cdfebd7063f3ac9c00d80a775f7840d776b921750111a7c6a,408,43,30,1,0,0,25,4,43,29,stage1:train,7,7
2021.06.23.14.54.32_veh-16_00636_00840,2021.06.23.14.54.32_veh-16,5044372,26d05644b017f6cb138aef375ca1cf2ebcc9c2ee3338916ffe71dd9cac49b678,408,119,30,1,0,0,19,10,119,29,stage1:train,14,14
2021.06.23.14.54.32_veh-16_00862_01000,2021.06.23.14.54.32_veh-16,6652313,4a15e75a9fa4238d3a85e022275136fef769747435cee21ad82961fcd60b5613,276,18,20,1,0,0,18,1,18,19,stage1:train,2,2
2021.06.23.14.54.32_veh-16_01011_01166,2021.06.23.14.54.32_veh-16,7659790,35cf5550d586e651c7f384a798f3c46200c610361e89d0bcf88671c7cbf9ac77,310,41,23,1,0,0,19,3,41,22,stage1:train,5,5
2021.06.23.14.54.32_veh-16_01187_03336,2021.06.23.14.54.32_veh-16,88041267,518bf566914f3c690bfdd1e5c4eba5a92cce5c0bdced00e319d9d14e38f8eb22,4298,670,307,0,0,2,256,49,670,305,stage1:train,90,90
2021.06.23.14.58.13_veh-35_00016_00153,2021.06.23.14.58.13_veh-35,4177164,04e863f9064ea722984f9be303824b7f3a0c674be63b922ef60c1fd29f5f0420,274,38,20,1,0,0,16,3,38,19,stage1:train,6,6
2021.06.23.14.58.13_veh-35_00175_00744,2021.06.23.14.58.13_veh-35,21284832,554142d54bdaaba865dc60a8be934ee5f583735b9f714cf56f20e198734e6c8e,1136,175,82,1,0,0,70,11,175,81,stage1:train,21,21
2021.06.23.14.58.13_veh-35_00765_01108,2021.06.23.14.58.13_veh-35,13089136,fc3fc98f7cdfe4f9c133a4294e5e4c40cc47845c34872dc60a4a04f2638eaa3c,684,118,49,1,0,0,37,11,118,48,stage1:train,19,19
2021.06.23.14.58.13_veh-35_01130_01820,2021.06.23.14.58.13_veh-35,26205859,f2b37f3e20840678b8f4a844a209454f6586dd122db9a46ae41d5edcf7cf743d,1376,249,99,1,0,0,75,23,249,98,stage1:train,34,34
2021.06.23.14.58.13_veh-35_01831_02026,2021.06.23.14.58.13_veh-35,9004241,39435cfec33ff78eb9df569a7e86681d84d6e4c31d3e34b6af3a0200e4db3fce,390,42,28,1,0,0,24,3,42,27,stage1:train,7,7
2021.06.23.14.58.13_veh-35_02037_04783,2021.06.23.14.58.13_veh-35,97612356,e1996d16740cb4423a0bc670fb388cb600ca5f6a5b1a2c06e35a3e16ef169959,5478,767,392,1,0,0,329,62,767,391,stage1:train,102,102
2021.06.23.15.18.10_veh-26_00016_00143,2021.06.23.15.18.10_veh-26,4700803,0a594dc0ea866dc026ffd24130954a0fe468b9a854948a8a1d842aec78994e3b,249,8,18,1,0,0,15,2,8,17,stage3:train,2,2
2021.06.23.15.18.10_veh-26_00165_02848,2021.06.23.15.18.10_veh-26,113308837,1029d9d55e4f3ad3344e2c5b4201ba6410e8e95dc3f3c33c6efd6bf291eb01f0,5314,746,380,1,0,0,329,50,746,379,stage3:train,105,105
2021.06.23.15.56.12_veh-16_00066_00818,2021.06.23.15.56.12_veh-16,29780275,aa4fa8270af46e658e080d0cb03b51d01e71eccdaa16a93c41bcb2f71212b7ee,1504,241,108,1,0,0,91,16,241,107,stage3:train,29,29
2021.06.23.15.56.12_veh-16_00839_01285,2021.06.23.15.56.12_veh-16,18116879,55a174993ede7bd189e20d19af0924a44c436ee630ea7a6e4f7b2bd4a618a813,892,123,64,1,0,0,56,7,123,63,stage3:train,19,19
2021.06.23.15.56.12_veh-16_01308_04289,2021.06.23.15.56.12_veh-16,123912258,c6816deecf534c074bae45bb34f065ac6e20733bf120e3d69b80a296a18090c5,5962,824,426,1,0,0,363,62,824,425,stage3:train,113,113
2021.06.23.16.52.00_veh-26_00038_00602,2021.06.23.16.52.00_veh-26,30890194,5f2b5d4ebc71b1e3ee1100a1b02d103d4e740f9be381ce5cb6e76ffa5f7c2e86,1124,99,81,1,0,0,72,8,99,80,stage3:train,14,14
2021.06.23.16.52.00_veh-26_00624_00817,2021.06.23.16.52.00_veh-26,5141068,fdd68a76a4c806dc9389474dcfd72a734c45d49eecf824fb1c9a5b8c6018eaed,386,108,28,1,0,0,19,8,108,27,stage3:train,15,15
2021.06.23.16.52.00_veh-26_00828_01032,2021.06.23.16.52.00_veh-26,9210063,5678d29a8d38ab5d30cf274963d7127e8ebd2da03c866f06e3d09b070f35f3ea,408,11,30,1,0,0,29,0,11,29,stage3:train,2,2
2021.06.23.16.52.00_veh-26_01043_03099,2021.06.23.16.52.00_veh-26,99755676,133a31bfdb9952058012749fbdab90899a9b7329cf077c0d96bd27f0bd850288,4099,611,293,1,0,0,253,39,611,292,stage3:train,81,81
2021.06.23.16.52.00_veh-26_03120_03293,2021.06.23.16.52.00_veh-26,8191096,a34d6ddc9142e2077341859a4e9177954a7a17d47214994fb24f6025762af7cd,345,42,25,1,0,0,20,4,42,24,stage3:train,6,6
2021.06.23.16.52.00_veh-26_03304_03611,2021.06.23.16.52.00_veh-26,11918490,3212c08c7c465167413adc292f32be509e45e3afe556006488dc9812b8561c36,614,59,44,1,0,0,39,4,59,43,stage3:train,8,8
2021.06.23.16.54.19_veh-35_00016_00755,2021.06.23.16.54.19_veh-35,31814837,d5e1ee3b8f037b136522d77ea8301b75479d896015f93c04c24928d33f50b757,1478,227,106,1,0,0,89,16,227,105,stage1:train,32,32
2021.06.23.16.54.19_veh-35_00808_01256,2021.06.23.16.54.19_veh-35,19724105,8bb124d27d3b9b86fede30a364f8645f5e6979de32ea8e0fe3d87f307a3f5704,896,94,64,0,0,0,57,7,94,64,stage1:train,14,14
2021.06.23.16.54.19_veh-35_01277_01592,2021.06.23.16.54.19_veh-35,12032157,c3159422506356c4bff2b24ae953cccf29e4b315d7c5e93c6d687edec262617b,630,105,45,0,0,0,38,7,105,45,stage1:train,13,13
2021.06.23.16.54.19_veh-35_01603_03271,2021.06.23.16.54.19_veh-35,79425207,6301baf6c4b6704d0e44c8f7becd249f74aa5dff078f0e3ac3a74604c0b79baa,3336,425,239,1,0,0,213,25,425,238,stage1:train,59,59
2021.06.23.16.54.19_veh-35_03299_03425,2021.06.23.16.54.19_veh-35,3401340,8b4720cb3574fd019a059a99ae86276ce2476f2e2b011b61a26603f5baefe1fc,252,62,18,0,0,0,14,4,62,18,stage1:train,6,6
2021.06.23.16.54.19_veh-35_03436_03683,2021.06.23.16.54.19_veh-35,8314711,4145a77bd9934f3fbd524ed123b964537386470a09280e25eac22d7b80e6a8aa,494,24,36,1,0,0,35,0,24,35,stage1:train,4,4
2021.06.23.16.54.19_veh-35_03705_04009,2021.06.23.16.54.19_veh-35,17381928,69ba39acea3d18a0ff4f2a34a3235fbc583fdecb0e85108020cacae715f451f7,608,112,44,1,0,1,33,9,112,42,stage1:train,16,16
2021.06.23.17.31.36_veh-16_00016_00377,2021.06.23.17.31.36_veh-16,16116836,692acbeb7799d21e9c1b7e0547295b236d6a6ea08674d55420c1b1d7a8a27074,722,95,52,1,0,0,40,11,95,51,stage1:test,12,12
2021.06.23.17.31.36_veh-16_00398_00623,2021.06.23.17.31.36_veh-16,10470303,993c06cdf5178f09dacdaaf84d7001ce55a461ca8c67bc464238c81da949b811,450,52,33,1,0,0,28,4,52,32,stage1:test,6,6
2021.06.23.17.31.36_veh-16_00634_01421,2021.06.23.17.31.36_veh-16,38211138,0ddfacf3833a9ab1f9d3871e371c9b38f1c1d2b67221e6e602910fade76396c3,1574,170,113,1,0,0,100,12,170,112,stage1:test,28,28
2021.06.23.17.31.36_veh-16_01443_01606,2021.06.23.17.31.36_veh-16,5346908,61ac623879eff94b10d3cadef55034600e9ec5c05b0a848d0e2bcdbdc597327b,326,68,24,1,0,0,19,4,68,23,stage1:test,9,9
2021.06.23.17.31.36_veh-16_01617_01791,2021.06.23.17.31.36_veh-16,9921614,f729621a0199540e6a34d8cfc76481089195930283cae72aa1c136aab9680b76,348,40,25,1,0,0,21,3,40,24,stage1:test,5,5
2021.06.23.17.31.36_veh-16_01904_02129,2021.06.23.17.31.36_veh-16,5772579,b64bc5a0b1718aaa117d49f7c20cf82e50c05599633e8503cab7436c133024a4,450,147,33,1,0,0,24,8,147,32,stage1:test,17,17
2021.06.23.17.31.36_veh-16_02150_02774,2021.06.23.17.31.36_veh-16,32193893,2de677ecd22a821f8ffd7b11d4c5ffefbc15282dc72b2c4cf63ea13e3fdb6bd2,1248,111,90,1,0,0,80,9,111,89,stage1:test,16,16
2021.06.23.17.31.36_veh-16_02795_04024,2021.06.23.17.31.36_veh-16,60920529,62bf0ef21826f22ed085ec423132b74a2f5117ee7b468cf50a82721f70007321,2458,342,176,1,0,0,151,24,342,175,stage1:test,45,45
2021.06.23.18.23.38_veh-26_00069_00642,2021.06.23.18.23.38_veh-26,25508231,b9279d24df26cafcb28b37faf2cca683c2a20b5f44e135b6ed2bb250be316077,1146,122,82,1,0,0,70,11,122,81,stage1:train,16,16
2021.06.23.18.23.38_veh-26_00663_01217,2021.06.23.18.23.38_veh-26,28281407,526d04fdf94fac79232987caa3bb0f3d2d2a77cfb408227df103d7c125202aca,1108,211,80,1,0,0,64,15,211,79,stage1:train,27,27
2021.06.23.18.23.38_veh-26_01238_01416,2021.06.23.18.23.38_veh-26,7694183,a2b40ce190d7ad85ac8b0969f2923aa67c7ca6ce5646a2bc514ea3bf63a18c71,356,47,26,1,0,0,22,3,47,25,stage1:train,6,6
2021.06.23.18.23.38_veh-26_01438_01758,2021.06.23.18.23.38_veh-26,20330945,34224c8109d6f88aaab4b10cd72feceec54a926784171a4001c49cf003337f69,639,39,46,1,0,0,45,0,39,45,stage1:train,7,7
2021.06.23.18.23.38_veh-26_01769_01925,2021.06.23.18.23.38_veh-26,7717131,9094347741c743f1aaf75a4dbd598a6c5eec02c6ba8ac6b22267597781974970,312,58,23,1,0,0,17,5,58,22,stage1:train,7,7
2021.06.23.20.00.35_veh-35_00016_00119,2021.06.23.20.00.35_veh-35,3486048,e8fa75bfda4333d13f12fa4584cfeb27b4d4ab4a20c401bd159f7151e2da47b0,206,19,15,1,0,0,13,1,19,14,stage1:train,2,2
2021.06.23.20.00.35_veh-35_00130_00949,2021.06.23.20.00.35_veh-35,29028471,3459988eefd3e64da683b5a27bd147a96c617ce1479b3dc525bbb8f888637114,1638,162,117,0,0,0,106,11,162,117,stage1:train,19,19
2021.06.23.20.00.35_veh-35_00960_03649,2021.06.23.20.00.35_veh-35,129255604,f1a7d2d06da5994e7248c4ab32c94ef4c9d2feae2cf11b6a509a5517758de3e7,5378,736,385,1,0,0,332,52,736,384,stage1:train,100,100
2021.06.23.20.00.35_veh-35_03660_04140,2021.06.23.20.00.35_veh-35,29479828,813934a20c9ab8e12ec168cbaabcf89f96d353a643d7234c5b7bd48f0d591348,960,109,69,1,0,0,61,7,109,68,stage1:train,16,16
2021.06.23.20.00.35_veh-35_04162_04257,2021.06.23.20.00.35_veh-35,4472943,a427797f2a46f15eb5bb8f102f54a87b4963ee2938d0dd4bd5734357b1dcc923,190,29,14,1,0,2,9,2,29,11,stage1:train,4,4
2021.06.23.21.56.29_veh-35_00097_00209,2021.06.23.21.56.29_veh-35,4931728,7d661b6386c0e8bdc0260ef55d27d22431f99fef72a601b7afa245ec3925c28a,224,24,16,0,0,0,15,1,24,16,stage3:train,3,3
2021.06.23.21.56.29_veh-35_00220_00936,2021.06.23.21.56.29_veh-35,36063387,7c9a42bee5750cd0179da5cb5deab749adc5eaeeda8750da17ff48d1dee4d088,1432,231,103,1,0,0,83,19,231,102,stage3:train,30,30
2021.06.23.21.56.29_veh-35_00947_01581,2021.06.23.21.56.29_veh-35,35598185,41e2d59ad394da39ae6996343abe5fec8c7964a83bfda5e051591b04751ddb35,1268,210,91,1,0,0,74,16,210,90,stage3:train,28,28
2021.06.23.21.56.29_veh-35_01603_02401,2021.06.23.21.56.29_veh-35,33029376,2dbcac0f4edceff6bf10a2c7a7d343f39f71331fc0a446dbdef03fb3cf0ac4c6,1596,202,114,0,0,0,99,15,202,114,stage3:train,26,26
2021.06.23.21.56.29_veh-35_02412_03161,2021.06.23.21.56.29_veh-35,41659050,2121c08383dd136b73521d438fc2e70a106defb329c0d6f57e18bcfbfcdec065,1498,225,107,0,0,0,89,18,225,107,stage3:train,27,27
2021.06.23.22.05.48_veh-16_00015_00276,2021.06.23.22.05.48_veh-16,8773037,d0680ce100159195827dd9b0588a02fd90527cadcfc5fbfc91139f18f955d676,522,70,38,1,0,0,33,4,70,37,stage1:train,10,10
2021.06.23.22.05.48_veh-16_00287_00591,2021.06.23.22.05.48_veh-16,15070304,967d5284fb5b2b37d872feb7dc8f5d116c7399fd1666fa6f7e025b441645a607,608,50,44,1,0,0,38,5,50,43,stage1:train,7,7
2021.06.23.22.05.48_veh-16_00602_00800,2021.06.23.22.05.48_veh-16,7633397,4ee59ca83b1ca6f785c4f68f83cdeba0972eece8eff968f6baee9cc150489aec,396,117,29,1,0,0,18,10,117,28,stage1:train,14,14
2021.07.09.01.37.16_veh-26_00692_00762,2021.07.09.01.37.16_veh-26,2671252,62ca52a6a74340bcacb2a84fd312c1372c5ab7b186f8e1a757906fbe5e1819ed,140,7,10,0,0,0,10,0,7,10,stage1:train,2,2
2021.07.09.01.37.16_veh-26_00936_00996,2021.07.09.01.37.16_veh-26,3987860,38c218998e031b05707dc4bed11bdd532eb9fd0157a6da247c9041a97914a145,119,3,9,1,0,0,8,0,3,8,stage1:train,1,1
2021.07.09.01.37.16_veh-26_01336_01396,2021.07.09.01.37.16_veh-26,2216366,aecf8b80cc358afc8710b05920e12ed9b9c2b28df28a20176a57b476a1c61654,120,25,9,1,0,0,6,2,25,8,stage1:train,5,5
2021.07.09.01.37.16_veh-26_01726_01793,2021.07.09.01.37.16_veh-26,5224808,901585ce9deadb39f720dfe2564d1c877a009a38a917087164585e7d8f2a4005,134,37,10,1,0,0,7,2,37,9,stage1:train,6,6
2021.07.09.01.37.16_veh-26_02856_02932,2021.07.09.01.37.16_veh-26,8505745,1e59246f1218a9549caa803cd4b5c139f38ed8d76194d9cff2bec53a7e6e99f5,152,7,11,1,0,0,10,0,7,10,stage1:train,1,1
2021.07.09.01.37.16_veh-26_03306_03373,2021.07.09.01.37.16_veh-26,2394256,ad53a03b447bcd7cfae6f3414950e7a0ea1654ed9223d2f447cda7ef321f80a3,134,26,10,1,0,0,7,2,26,9,stage1:train,4,4
2021.07.09.01.37.16_veh-26_03432_03503,2021.07.09.01.37.16_veh-26,3060504,587ee3139e387095a061c22fbc7d1e77fe737dde5f2a2a416b7ea62b89131acb,142,13,11,1,0,0,10,0,13,10,stage1:train,2,2
2021.07.09.01.37.16_veh-26_04224_04293,2021.07.09.01.37.16_veh-26,2368646,01b0c1a3daec4b2907f8f9504ae72d25e74b1b17a43eeb70b301eeeceaea86b3,138,2,10,1,0,0,9,0,2,9,stage1:train,1,1
2021.07.09.01.37.16_veh-26_04675_04767,2021.07.09.01.37.16_veh-26,2818509,2dd13c49a42ea14a402978fdea28b95118ceece9172c2fc2f5b08a9aeda57107,184,46,14,1,0,0,11,2,46,13,stage1:train,7,7
2021.07.09.01.37.16_veh-26_04815_04878,2021.07.09.01.37.16_veh-26,3712422,38156100f85f67510d47dcdba4add93b27f06a3f661b62b211d4b6cc5d8fdd1a,126,11,9,0,0,0,8,1,11,9,stage1:train,3,3
2021.07.09.02.42.50_veh-35_00038_02629,2021.07.09.02.42.50_veh-35,125096854,0c18356d24eec5d5b8061ef96098964ae1b19a536ea62b38df8ab3eaff41b22f,5182,663,371,1,0,0,323,47,663,370,stage3:train,92,92
2021.07.09.02.42.50_veh-35_02651_02770,2021.07.09.02.42.50_veh-35,3665044,5a687e8b84a2ab778ca2fb62d5049f1f8f2527044a12cab14db09d4a027cc8a8,238,66,17,0,0,1,13,3,66,16,stage3:train,10,10
2021.07.09.15.53.28_veh-38_00053_00163,2021.07.09.15.53.28_veh-38,9747837,7dcbd49b8a452a61f8290cd752bbafdc32162efed64c31ce9df412394d8cd809,220,7,16,1,0,0,15,0,7,15,stage3:test,2,2
2021.07.09.15.53.28_veh-38_00184_02293,2021.07.09.15.53.28_veh-38,86509381,9a5ab4806604450b051510aea31bb3610fd8130deba62981181f4b397d543c63,4218,556,302,1,0,0,259,42,556,301,stage3:test,87,87
2021.07.09.15.53.28_veh-38_02316_03434,2021.07.09.15.53.28_veh-38,47533319,54042ad00efb03b42b19dcc2888c6d09d263ce7c17fb628d5d05c72f7b7323ce,2236,326,160,1,0,0,138,21,326,159,stage3:test,50,50
2021.07.09.15.53.28_veh-38_03528_04262,2021.07.09.15.53.28_veh-38,29177437,d0b90b174fe371b04eda9ae0f4ad7679b42918602ea9f0582a057cece7bb643b,1468,145,105,1,0,0,95,9,145,104,stage3:test,20,20
2021.07.09.15.53.28_veh-38_04273_04767,2021.07.09.15.53.28_veh-38,19654150,2c3c32d1dc1310da70600338f446726f86c9f97e116391f4cf7b28e352a179b8,988,193,71,1,0,0,57,13,193,70,stage3:test,28,28
2021.07.09.15.53.28_veh-38_04778_04886,2021.07.09.15.53.28_veh-38,5363180,b4a718d23c4fe4ca76fd0073d02cfa2278494d6261babac4dfeb38de213b1aa0,216,63,16,1,0,0,8,7,63,15,stage3:test,10,10
2021.07.09.16.12.19_veh-26_02509_02592,2021.07.09.16.12.19_veh-26,3119063,36b178cc8702645fef88fdfed40a0c7ac4606240284894b1266eacd399de18ff,166,35,12,1,0,0,10,1,35,11,stage1:test,9,9
2021.07.09.16.12.19_veh-26_02985_03053,2021.07.09.16.12.19_veh-26,2011939,27df9a9889560f2870433d20d12d7c5f862a3acf9424d5d441b3360fa05c703c,136,4,10,1,0,0,9,0,4,9,stage1:test,1,1
2021.07.09.16.12.19_veh-26_04434_04498,2021.07.09.16.12.19_veh-26,2183769,97e1f6716af663991e5944205c633ca7abfe503fe63122136e3c67a456607928,128,15,10,1,0,0,7,2,15,9,stage1:test,3,3
2021.07.09.16.12.19_veh-26_05071_05149,2021.07.09.16.12.19_veh-26,7865540,9f2afda76e10010cc84f7f1222315826897b10754298c377c2fb0da3385f65e3,153,24,11,1,0,0,9,1,24,10,stage1:test,3,3
2021.07.09.16.12.19_veh-26_06527_06591,2021.07.09.16.12.19_veh-26,2694173,268ec5d19377b667e3d183ed3c1f544f70b8e2b3acf347ccb9f0004d1975eef3,126,8,9,0,0,0,8,1,8,9,stage1:test,2,2
2021.07.09.16.12.19_veh-26_06964_07035,2021.07.09.16.12.19_veh-26,2673420,165df8f7f69c73872327b92b13d0aaf84832f353fa47ea94529ca5d44eaccf24,142,21,11,1,0,0,9,1,21,10,stage1:test,2,2
2021.07.09.16.12.19_veh-26_07208_07271,2021.07.09.16.12.19_veh-26,2111651,78fef2689e5bc5368c05b067296a325d258d76cd16caa167f6f710233c48c821,125,29,9,1,0,0,5,3,29,8,stage1:test,5,5
2021.07.09.17.06.37_veh-35_00049_00237,2021.07.09.17.06.37_veh-35,7109767,f180f21b332310c63634e9448d224fa20555b90d897f3f686307b42e192bce98,376,98,27,1,0,0,18,8,98,26,stage1:train,16,16
2021.07.09.17.06.37_veh-35_00258_00748,2021.07.09.17.06.37_veh-35,20358116,76cf95ca955f671684dc665f510ec664460b30a197232576f4c5d65957731530,980,168,70,0,0,0,57,13,168,70,stage1:train,25,25
2021.07.09.17.06.37_veh-35_00769_00907,2021.07.09.17.06.37_veh-35,5549779,1092351a7082762b26380efe487394a4777b6a88a2fc61e25651b42296c3e6d1,276,38,20,1,0,0,17,2,38,19,stage1:train,6,6
2021.07.09.17.06.37_veh-35_00928_02567,2021.07.09.17.06.37_veh-35,73427594,463abd7d27ae4f412c0b6204ce745d0cf80e2cd751da6fe1ef97b64227739ca5,3278,513,235,1,0,0,201,33,513,234,stage1:train,77,77
2021.07.09.17.06.37_veh-35_02609_05015,2021.07.09.17.06.37_veh-35,113765716,7702d38ce3cd59d34115026a9f3c21be5d9e297c10e9a12ee7af7f940e6f8e5f,4812,714,344,1,0,0,296,47,714,343,stage1:train,110,110
2021.07.09.17.06.37_veh-35_05026_05593,2021.07.09.17.06.37_veh-35,30775121,b00264a9ec4e17ac89e6c95b28cd2a2c8d312e01713fe6ab494ede4f6a06cf80,1134,228,81,0,0,2,64,15,228,79,stage1:train,31,31
2021.07.09.20.26.06_veh-35_00016_01757,2021.07.09.20.26.06_veh-35,72662712,e0f45911b9ead2597b04e5ba61605ad36d2475f55d056cbca709c495d12bf096,3482,536,249,1,0,0,203,45,536,248,stage1:test,83,83
2021.07.09.20.26.06_veh-35_01768_02782,2021.07.09.20.26.06_veh-35,45688715,65f0caad74ecfb234074c2d7ee011cf8466283ef605bc970ee5464738e949c40,2028,305,145,1,0,0,124,20,305,144,stage1:test,43,43
2021.07.09.20.26.06_veh-35_02793_03289,2021.07.09.20.26.06_veh-35,26119025,eab5db56b83e73f5f80adeeab0f5727aad16d14fbc0bd64891d7803c9c132e08,992,161,71,1,0,0,53,17,161,70,stage1:test,26,26
2021.07.09.20.26.06_veh-35_03314_03877,2021.07.09.20.26.06_veh-35,24861815,72212fbea0a48491df5c212883ce4b4890c36a9d4803521fa1d034c53eabbbc5,1126,172,81,1,0,0,70,10,172,80,stage1:test,29,29
2021.07.09.20.26.06_veh-35_03898_05974,2021.07.09.20.26.06_veh-35,97823625,473f3dc9c5719a4e1fa9b8b2ccaaea64a720cf52834d03472f841b3e2bdde41c,4152,595,297,1,0,1,253,42,595,295,stage1:test,93,93
2021.07.09.20.59.12_veh-38_00113_00669,2021.07.09.20.59.12_veh-38,22330049,5c32970b8d19d19c2f70645bfb0e5b5688bcc31a3371279390c4df190d0f3ba9,1112,153,80,1,0,0,68,11,153,79,stage3:audit,25,25
2021.07.09.20.59.12_veh-38_00773_01187,2021.07.09.20.59.12_veh-38,23352725,2f50a5a57b0f7cacee9c1b993d5a8dd78c75a35b2f5c1dd37f33348fde3ea43c,828,119,60,1,0,0,51,8,119,59,stage3:audit,18,18
2021.07.09.20.59.12_veh-38_01208_01692,2021.07.09.20.59.12_veh-38,22199409,db251fb8b89c9d9c6c0a7829cafaae9c1c7871167ff66dab52eec5fb19f5e568,968,170,70,1,0,0,61,8,170,69,stage3:audit,25,25
2021.07.09.20.59.12_veh-38_01713_01842,2021.07.09.20.59.12_veh-38,8016880,c0acf31f127db41a2bb711a446162847dbe22e4e3d9fbd2d5bdeacba42b959a5,258,22,19,1,0,0,17,1,22,18,stage3:audit,3,3
2021.07.09.20.59.12_veh-38_01853_02043,2021.07.09.20.59.12_veh-38,8028453,4c9671f0b56fe516d834483e06a24359f43071bfd33066bbf55ab7cb4881b2f8,380,17,28,1,0,0,26,1,17,27,stage3:audit,2,2
2021.07.09.20.59.12_veh-38_02064_03281,2021.07.09.20.59.12_veh-38,62955323,7798effd95e006113790755aa418f7111d48e90bc7e03d47b86e1739107a4b25,2432,393,174,1,0,0,143,30,393,173,stage3:audit,56,56
2021.07.09.20.59.12_veh-38_03292_04331,2021.07.09.20.59.12_veh-38,48689020,9b6fcd1df47b8dfe673aea87448caa1af67e023617ba4154d10f47d032dcba22,2078,236,149,1,0,0,136,12,236,148,stage3:audit,34,34
2021.07.09.20.59.12_veh-38_04342_05676,2021.07.09.20.59.12_veh-38,72374646,d9c4fc9ba3d4529e722559c05d33b8b29a7d1214f6aef3f187e2867a2a6daca3,2668,177,191,1,0,0,177,13,177,190,stage3:audit,28,28
2021.07.09.20.59.12_veh-38_05697_06861,2021.07.09.20.59.12_veh-38,61339039,6b0a5c9e16154fdf9c89faf2f92c25189c44a1d049a4390ee2493093753bdc5a,2328,230,167,1,0,0,152,14,230,166,stage3:audit,37,37
2021.07.09.20.59.12_veh-38_06872_07220,2021.07.09.20.59.12_veh-38,20601221,0087335da07000c7da23ff27bb00f0c4acc7fa64c2ab1d8162e5f3e8cff60e47,696,137,50,1,0,0,38,11,137,49,stage3:audit,17,17
2021.07.09.20.59.12_veh-38_07245_07341,2021.07.09.20.59.12_veh-38,4885436,db71153328608c9cccca894ae83819f62df252f94eeb8145f8b8fd3ecdecf23e,192,23,14,1,0,0,11,2,23,13,stage3:audit,4,4
2021.07.09.23.23.48_veh-26_00054_01295,2021.07.09.23.23.48_veh-26,66097360,133904b111b7ff91a19a208c1da52779826293e175eb9e6cfbecee3f292984dc,2482,287,178,1,0,0,158,19,287,177,stage3:train,45,45
2021.07.09.23.23.48_veh-26_01319_01432,2021.07.09.23.23.48_veh-26,3581958,d035b6f5127b5a1cda98db55f561d4969dbcc6eabe0ff723c5977ab5a2f77cc6,226,28,17,1,0,0,14,2,28,16,stage3:train,3,3
2021.07.09.23.23.48_veh-26_01454_02217,2021.07.09.23.23.48_veh-26,41279094,d60d925d96f38f755f01a08158ff52ee17bef91f9972cd9a9d73a6531fc2b0c0,1526,215,109,0,0,0,94,15,215,109,stage3:train,29,29
2021.07.09.23.23.48_veh-26_02228_04624,2021.07.09.23.23.48_veh-26,117350020,e0b79eeed0e2a16e663ec6f2165b07f8844c9169431d9d3c865a9c958c1ab50e,4792,682,343,1,0,0,296,46,682,342,stage3:train,106,106
2021.07.09.23.23.48_veh-26_04648_06327,2021.07.09.23.23.48_veh-26,88412633,0ebe413017f39258041a56a5eee5c2353aa07c5450ab258b03c331b7a529aaf7,3358,475,240,1,0,0,201,38,475,239,stage3:train,75,75
2021.07.16.00.24.14_veh-38_00094_00346,2021.07.16.00.24.14_veh-38,11104391,2d12da4c43cf9b0015208ce9e4a2c9d73ef929933fb235ec757e87df5aff8f97,504,7,36,0,0,0,36,0,7,36,stage1:train,1,1
2021.07.16.00.24.14_veh-38_00367_01154,2021.07.16.00.24.14_veh-38,42048708,8049e14f2b81a577b3fcf928cf637fcd28352a23427adaeec955e338ab087657,1574,131,113,1,0,0,103,9,131,112,stage1:train,19,19
2021.07.16.00.24.14_veh-38_01165_01425,2021.07.16.00.24.14_veh-38,11599933,4a6be9a4de932a93cef7fd90e2d6a3b6f72ac925ced9a713f5337ac8c5405e72,520,43,38,1,0,0,35,2,43,37,stage1:train,6,6
2021.07.16.00.24.14_veh-38_01447_01621,2021.07.16.00.24.14_veh-38,14744781,223042164b31cb84bac4a01d06b2a3db07b5cb7960079adc3e6939aa1e791195,348,46,25,1,0,0,21,3,46,24,stage1:train,8,8
2021.07.16.00.51.05_veh-17_00023_01331,2021.07.16.00.51.05_veh-17,64396641,d56a1fb1a18f45f83876e9e0912ce763eb3eb7e3e96ef5c31fe27ebe94a499e8,2616,439,187,1,0,0,158,28,439,186,stage1:test,55,55
2021.07.16.00.51.05_veh-17_01352_01901,2021.07.16.00.51.05_veh-17,31873111,f234e450088d645bbd4bf8d9481a39704198380912b781838fb3bcbdd519b092,1098,233,79,1,0,0,66,12,233,78,stage1:test,33,33
2021.07.16.00.51.05_veh-17_01938_03243,2021.07.16.00.51.05_veh-17,68949573,00c8b429e46e4d5f50015c2113c2933419853377ddc6fcfe273e779eecb97c72,2610,439,187,1,0,0,152,34,439,186,stage1:test,58,58
2021.07.16.00.51.05_veh-17_03264_05261,2021.07.16.00.51.05_veh-17,98860361,095d611b956d35a3db02c2ed9e7801cb71ce5d420e9e39df5a354a2038b6b280,3993,584,286,1,0,0,242,43,584,285,stage1:test,80,80
2021.07.16.01.22.41_veh-14_00015_00547,2021.07.16.01.22.41_veh-14,22674178,8213fecb7332a20ef221687eb60a8a5b2fedc818fea663a60873cbd0fdd36ae9,1064,189,76,0,0,0,63,13,189,76,stage1:train,28,28
2021.07.16.01.22.41_veh-14_00572_01716,2021.07.16.01.22.41_veh-14,70068143,a426272d980cd1b0c46133131d5620694bfa6796bfe2d9f97ae31283d9e7775f,2288,390,164,1,0,0,133,30,390,163,stage1:train,56,56
2021.07.16.01.22.41_veh-14_01737_01980,2021.07.16.01.22.41_veh-14,11519474,b85242723a913651f3232a2bb4646abfc0197039febd4b74e7f42575db554df2,486,46,35,1,0,0,33,1,46,34,stage1:train,5,5
2021.07.16.01.22.41_veh-14_02003_02615,2021.07.16.01.22.41_veh-14,34713368,c005be6b0e47a1adbd0fbd4a1bf2832cca4cf0b9783f270df76ac0509c59ebb0,1224,246,88,1,0,0,70,17,246,87,stage1:train,40,40
2021.07.16.01.22.41_veh-14_02626_04289,2021.07.16.01.22.41_veh-14,105792357,099a7d5beb1a04f054c762b70b0205510baa599ba8aa770a8e90ff1575d6c21f,3326,447,238,1,0,0,202,35,447,237,stage1:train,65,65
2021.07.16.01.22.41_veh-14_04315_07102,2021.07.16.01.22.41_veh-14,171848564,2fbd2dc9ca10d510115266822e80920e30f3eac7efe210152604f83a16ad6c81,5574,1080,399,1,0,0,320,78,1080,398,stage1:train,152,152
2021.07.16.02.53.40_veh-17_00016_01588,2021.07.16.02.53.40_veh-17,92982635,6ca1c48a0719359ae32862caa6466b22ce6c40fdd3e9eed96ae6762b1dc3f515,3143,387,225,1,0,0,199,25,387,224,stage3:test,56,56
2021.07.16.16.01.30_veh-38_00016_00333,2021.07.16.16.01.30_veh-38,2435747,8f4b20de62f9f0ba0f4ef555aec47aa9e4b7c1889aafe182a3da1afa35add20e,634,95,46,1,0,0,39,6,95,45,stage1:audit,13,13
2021.07.16.16.01.30_veh-38_00356_02486,2021.07.16.16.01.30_veh-38,107742577,ae706f03b6a8ed2c72d293373e27820d490412b5d4d5aa7967e5d222c937956b,4260,408,305,1,0,0,280,24,408,304,stage1:audit,68,68
2021.07.16.16.01.30_veh-38_02497_03871,2021.07.16.16.01.30_veh-38,65595792,934ddd91d2b0adc97f038e104599d505c5b58d8f51dbbef4b3561fa913a19a36,2748,450,197,1,0,0,159,37,450,196,stage1:audit,65,65
2021.07.16.16.01.30_veh-38_03893_05253,2021.07.16.16.01.30_veh-38,64179894,539059a385b1ce271c2564aa785409dabd05f9602fa4b449b94fe13ea16b77d4,2720,334,195,1,0,0,173,21,334,194,stage1:audit,51,51
2021.07.16.16.01.30_veh-38_05274_05744,2021.07.16.16.01.30_veh-38,22388284,edf3e7995d8fee68bae7828dd14b407e35ab422ce49b57d0e351f0a27fe9c054,940,232,68,1,0,0,50,17,232,67,stage1:audit,34,34
2021.07.16.16.01.30_veh-38_05766_06843,2021.07.16.16.01.30_veh-38,63405033,31d642cd17bc46bdf9c7bb72bce0dd2e7f228d886380521a91ca79a47050c369,2154,313,154,1,0,0,131,22,313,153,stage1:audit,46,46
2021.07.16.16.08.35_veh-35_00132_00784,2021.07.16.16.08.35_veh-35,37406012,8a6b8c77b5058ad21089e1263f20cbf28049a628b241b38bc6f14540ab6b21cd,1304,102,94,1,0,0,84,9,102,93,stage3:test,21,21
2021.07.16.16.08.35_veh-35_00805_01292,2021.07.16.16.08.35_veh-35,20233586,74caa534be21a7013b9f7c9be015f22830b91bc415b31aeeb3ef770a06eb2330,974,140,70,1,0,0,58,11,140,69,stage3:test,19,19
2021.07.16.16.08.35_veh-35_01303_01641,2021.07.16.16.08.35_veh-35,16595375,442d6ccc1991fe84e0324de626e64bc2716581974b201176910ec4914734385e,676,96,49,1,0,0,41,7,96,48,stage3:test,14,14
2021.07.16.16.08.35_veh-35_01664_02376,2021.07.16.16.08.35_veh-35,34838698,264f6f5d49934e17dac7a20bbb46468a5fda63daabb9af3a2ce57aefab932725,1424,161,102,1,0,0,89,12,161,101,stage3:test,23,23
2021.07.16.16.08.35_veh-35_02397_02540,2021.07.16.16.08.35_veh-35,9221574,efcaa61b09813d6f7fda294c020636e3cd1f87354f3d94aa1c8c525d75ccb7ff,286,41,21,1,0,0,17,3,41,20,stage3:test,6,6
2021.07.16.16.08.35_veh-35_02551_02640,2021.07.16.16.08.35_veh-35,4406390,697a7f235386d1285ab45407e075226217fd70c5c5a6b054d3b15bd4b3886830,178,38,13,1,0,0,9,3,38,12,stage3:test,6,6
2021.07.16.16.08.35_veh-35_02651_03700,2021.07.16.16.08.35_veh-35,50256633,f5afc0f1ad09b3e1e4fb44d530df68102e8361aff67b93406f16539e9521c15c,2098,325,150,1,0,0,120,29,325,149,stage3:test,51,51
2021.07.16.16.08.35_veh-35_03711_04709,2021.07.16.16.08.35_veh-35,46644993,535f657434e5af73c65e97eb4dc89e33950b8e763dcb03d8561def29ed01dfb6,1996,355,143,1,0,0,116,26,355,142,stage3:test,49,49
2021.07.16.16.08.35_veh-35_04744_06051,2021.07.16.16.08.35_veh-35,73659634,b5ede7100e7d67bc2356454ead7cd83f424ac623185b86fa0c82ae13eac705c4,2614,398,187,1,0,1,162,23,398,185,stage3:test,59,59
2021.07.16.16.27.22_veh-26_00016_01515,2021.07.16.16.27.22_veh-26,64917881,4ecf2349ec2aa002f495bda53ae8ad79845de0bbe70a5bd14aaa7f68dc8a28ad,2997,473,215,1,0,0,185,29,473,214,stage1:train,67,67
2021.07.16.16.27.22_veh-26_01536_02260,2021.07.16.16.27.22_veh-26,40604122,003adfdc78ca243b5aac187a5c353e3a87e3c11cdc63d8b2d45f72049d6f7ff0,1448,255,104,1,0,0,84,19,255,103,stage1:train,38,38
2021.07.16.16.27.22_veh-26_02282_03814,2021.07.16.16.27.22_veh-26,74190954,d316db2f213416535ae7b107bc195e60c9cbdb57769f176ece94f96a3be9e508,3064,407,219,1,0,0,189,29,407,218,stage1:train,60,60
2021.07.16.16.27.22_veh-26_03836_05047,2021.07.16.16.27.22_veh-26,64453663,cdaa6d2c100aab95ac5f7d282ddfc3f1017e62ffd4338a47c00295a9ad8a32f0,2422,427,173,0,0,0,139,34,427,173,stage1:train,62,62
2021.07.16.16.27.22_veh-26_05058_05383,2021.07.16.16.27.22_veh-26,20839139,819801c9d7058e705c34835376d6a44eef84de7d061271f923c4559bb5d4932c,650,122,47,1,0,0,41,5,122,46,stage1:train,15,15
2021.07.16.16.27.22_veh-26_05416_05596,2021.07.16.16.27.22_veh-26,7640139,d07f3765de38683e4fa0ccbbf80344f876cc5761d24aba88f16978e35eced477,360,102,26,1,0,1,16,8,102,24,stage1:train,16,16
2021.07.16.18.06.21_veh-38_00016_00747,2021.07.16.18.06.21_veh-38,37698407,65aa8a95bb7ef821c9e8628de901485305c653fd9ed1f06f838a98c23015ac64,1462,193,105,1,0,0,91,13,193,104,stage1:train,30,30
2021.07.16.18.06.21_veh-38_00770_01505,2021.07.16.18.06.21_veh-38,32278261,0c1a5b3520c24498e2466ae0e612e7de43ef115de0e9536591338e98b6b78c47,1470,256,105,0,0,0,90,15,256,105,stage1:train,35,35
2021.07.16.18.06.21_veh-38_01526_02150,2021.07.16.18.06.21_veh-38,30155616,54e798f439bf63d1fe7a009945550a62ff40b49be407f03e3671f458fc15c1a0,1248,225,90,1,0,0,72,17,225,89,stage1:train,33,33
2021.07.16.18.06.21_veh-38_02197_03220,2021.07.16.18.06.21_veh-38,56214657,5f8ca0e1f78881a91680170d20378247d6753d9468f033726589bb916408aee5,2046,302,147,1,0,0,124,22,302,146,stage1:train,45,45
2021.07.16.18.06.21_veh-38_03231_03712,2021.07.16.18.06.21_veh-38,22565039,f0157b94d6a2ab0c686fbb90d90339a24be22ff94941e1c98f9b39ef90aff7cd,962,90,69,1,0,0,62,6,90,68,stage1:train,15,15
2021.07.16.18.06.21_veh-38_03733_04300,2021.07.16.18.06.21_veh-38,36349754,0aa426c9b86364052cbe9f3d647c419d969ad813fe9a0d099efeca7f1ddda419,1134,199,81,0,0,0,63,18,199,81,stage1:train,32,32
2021.07.16.18.06.21_veh-38_04311_04460,2021.07.16.18.06.21_veh-38,4773906,66b2fe687dec2486ac60d9cfafa457360f89d8884f64654367ca0cea1be533e8,298,87,22,1,0,0,14,7,87,21,stage1:train,12,12
2021.07.16.18.06.21_veh-38_04471_04922,2021.07.16.18.06.21_veh-38,19366214,788aa638eebe520123d515a9f8c27c40615acf356b463a4ce276f2c37242c932,902,69,65,1,0,0,60,4,69,64,stage1:train,11,11
2021.07.16.18.06.21_veh-38_04933_05307,2021.07.16.18.06.21_veh-38,25975403,c46c9ab330804e24aab43c270bafffa12c9cd7aea89ef89c6baf7be9bdaf79e4,748,98,54,1,0,0,42,11,98,53,stage1:train,16,16
2021.07.16.18.06.21_veh-38_05338_05486,2021.07.16.18.06.21_veh-38,6726702,a55aa8411c68854475bbe87dcb6b4a5f2f988d03edbbeb6bca798bd898fbe01c,296,70,22,1,0,1,12,8,70,20,stage1:train,11,11
2021.07.16.18.19.22_veh-35_00023_00234,2021.07.16.18.19.22_veh-35,14661417,f358ee1668473fdcc719f4194d1aec6d6916a34582f140445493eb4771bbbaee,422,24,31,1,0,0,27,3,24,30,stage1:audit,5,5
2021.07.16.18.19.22_veh-35_00255_00418,2021.07.16.18.19.22_veh-35,4907978,b129d6329f8387f291724e4d4d3490f917756673474dc7fdaf00608248a6f83e,326,53,24,1,0,0,20,3,53,23,stage1:audit,8,8
2021.07.16.18.19.22_veh-35_00440_00858,2021.07.16.18.19.22_veh-35,21927476,511e3561882b5db8fc65d1b103309f74c651e1e7dd92d3fd4fea262406592a3a,836,161,60,1,0,0,46,13,161,59,stage1:audit,23,23
2021.07.16.18.19.22_veh-35_00869_03454,2021.07.16.18.19.22_veh-35,137629626,883b51d82a2a782670843ee2492f351f0c93164a9b92fde93fcc8b94d5756e9a,5170,758,370,1,0,2,310,57,758,367,stage1:audit,117,117
2021.07.16.18.49.56_veh-26_00015_00235,2021.07.16.18.49.56_veh-26,9118655,407567648cc8e7b7f079d6b9ffe1f40d9829bace3e9d7614136c331235346c88,440,110,32,1,0,0,22,9,110,31,stage3:train,13,13
2021.07.16.18.49.56_veh-26_00256_00822,2021.07.16.18.49.56_veh-26,32534500,dc9c896dc0ba61d86d9e184e4fbc48b96ab91c79c853795bed30f3a655a66e0c,1132,149,81,1,0,0,65,15,149,80,stage3:train,22,22
2021.07.16.18.49.56_veh-26_00833_03384,2021.07.16.18.49.56_veh-26,147814233,41ca6f3ba5760083ae57816e83d15c803dc21557da82fe8892f38530f3da268d,5102,752,365,1,0,0,314,50,752,364,stage3:train,118,118
2021.07.16.18.49.56_veh-26_03407_03538,2021.07.16.18.49.56_veh-26,5016399,4e4e680288c8ec798b8266e0ed0bb3b97876caece16f0d0e112d4142edb9716e,262,68,19,1,0,2,10,6,68,16,stage3:train,11,11
2021.07.16.20.45.29_veh-35_00016_00589,2021.07.16.20.45.29_veh-35,26955863,ddf193448b435e3dcac96f86aa8f00d5285e01310642be9a4110165335dcb233,1146,123,82,1,0,0,74,7,123,81,stage2:test,16,16
2021.07.16.20.45.29_veh-35_00600_01084,2021.07.16.20.45.29_veh-35,30294078,659e343054608f6e55c68fc82076f0de9a060fbf1b67c0cba1f1e29ed32aef58,968,166,70,1,0,0,59,10,166,69,stage2:test,22,22
2021.07.16.20.45.29_veh-35_01095_01486,2021.07.16.20.45.29_veh-35,14656995,8d1b389ef2ebafedd9b5f19c21e3dc14f90061aafc73827913b5a5817ac49c78,782,89,56,1,0,0,47,8,89,55,stage2:test,16,16
2021.07.16.20.45.29_veh-35_01513_02486,2021.07.16.20.45.29_veh-35,49155819,aa0f7b6bb585c93c36f56edb504bf66ad4ae0b3e648054290a34ae82ec0c9c94,1946,250,139,0,0,0,117,22,250,139,stage2:test,35,35
2021.07.16.20.45.29_veh-35_02509_02649,2021.07.16.20.45.29_veh-35,6041161,008caa96bdf938ce027e25625a15975c4c44dd0f88032748b1a2a53539113f6d,280,66,20,0,0,1,14,5,66,19,stage2:test,11,11
2021.07.16.21.17.55_veh-26_00715_00781,2021.07.16.21.17.55_veh-26,3789326,8fcef71af647e1b031b986ce4d5c050824205deac41ec53ae3d6c3357ea1de60,131,39,10,1,0,0,8,1,39,9,stage3:test,5,5
2021.07.16.21.17.55_veh-26_00872_00937,2021.07.16.21.17.55_veh-26,2530067,6f39d399d5bcfadbd6336eeb13f97c12eff6e83e5dc5017b1c4d86e80d047ebf,130,28,10,1,0,0,8,1,28,9,stage3:test,4,4
2021.07.16.21.17.55_veh-26_01014_01075,2021.07.16.21.17.55_veh-26,4447908,60607bcd97508eed57ac3211d4935c7dea8f9855466cba5633fcf87ba4b5ea2e,122,37,9,1,0,0,5,3,37,8,stage3:test,5,5
2021.07.16.21.17.55_veh-26_01392_01488,2021.07.16.21.17.55_veh-26,5520884,09011f5e1029e5af447ad42e28f35cd5af738cac2f8102dfd7b1b8731aafcdbf,192,15,14,1,0,0,12,1,15,13,stage3:test,2,2
2021.07.16.21.17.55_veh-26_02927_02992,2021.07.16.21.17.55_veh-26,2916846,bdc66d33abb1c62922c7eb7f8cffad9fda12b496befb5e0fde26b273c6203f11,130,32,10,1,0,0,6,3,32,9,stage3:test,4,4
2021.07.16.21.17.55_veh-26_03254_03336,2021.07.16.21.17.55_veh-26,2970874,27aebd0c0f4224b6523f936eb8509ab15c347e07ece2bfda6c1564dce7f58b1f,163,71,12,1,0,0,6,5,71,11,stage3:test,8,8
2021.07.16.21.17.55_veh-26_03772_03842,2021.07.16.21.17.55_veh-26,2859569,be471ae4caba10355df898a46ca986f98fe3db64c9011eed6a19117b6625f2ed,140,20,10,0,0,0,8,2,20,10,stage3:test,3,3
2021.07.16.21.17.55_veh-26_03860_03930,2021.07.16.21.17.55_veh-26,3631944,9e0a170eee7804c26bea5ed3d7364f74c06eaa50194f0dba03da62fdc9c01b1d,140,30,10,0,0,0,7,3,30,10,stage3:test,4,4
2021.07.16.22.40.23_veh-38_00016_00182,2021.07.16.22.40.23_veh-38,5062814,b98ee50370c48070e76eb13b7a96d461d4147ef6f74d32afe113b8bd2c42d0c7,332,84,24,1,0,0,16,7,84,23,stage3:test,12,12
2021.07.16.22.40.23_veh-38_00204_00360,2021.07.16.22.40.23_veh-38,9621524,c677a82287ed0f170ef12b924b0aba7737b3596f922ab627ccf4041aa9238653,312,15,23,1,0,0,21,1,15,22,stage3:test,2,2
2021.07.16.22.40.23_veh-38_00371_00797,2021.07.16.22.40.23_veh-38,24401435,ac8b2d54fa9ba789b2b527388ec78120ee403e4789fcae726b3e3c2821dfb78c,852,56,61,1,0,0,56,4,56,60,stage3:test,8,8
2021.07.16.22.40.23_veh-38_00818_03032,2021.07.16.22.40.23_veh-38,108055330,0b703a2afec21c25a006d4548fe8f2f947063c778e2a6e349bfd5b9180b97ebf,4428,543,317,1,0,1,278,37,543,315,stage3:test,84,84
2021.07.24.16.07.03_veh-35_01649_01813,2021.07.24.16.07.03_veh-35,6911772,00084b8017febebaf4c71b82552c0219f5d8c6b1238855483a7000cb650d8c4f,328,66,24,1,0,0,17,6,66,23,stage1:train,12,12
2021.07.24.16.48.51_veh-17_00016_00166,2021.07.24.16.48.51_veh-17,5168878,79408e4b280dd71e62ba19d80e974143d51a1bb26d0bb211475856962e56b077,300,72,22,1,0,0,15,6,72,21,stage2:train,9,9
2021.07.24.18.06.35_veh-35_03664_03799,2021.07.24.18.06.35_veh-35,5504852,3bed420f308a690bbd0591edefe2eafd1712736af7a121f5fcbb6998215c5551,270,56,20,1,0,2,11,6,56,17,stage3:train,10,10
2021.07.24.20.37.45_veh-17_00015_00375,2021.07.24.20.37.45_veh-17,18382631,813bd5139e87fa5b790f0f557bcbb1a884087175ed6d8ddeccb1bcbd6798d009,720,129,52,1,0,0,41,10,129,51,stage2:train,17,17
2021.07.24.22.52.16_veh-35_03236_04096,2021.07.24.22.52.16_veh-35,48268187,5f056614797b79638f374fa750a0f560f2345047a8abbd16c6b1e2d7d121c5e9,1720,311,123,1,0,0,100,22,311,122,stage1:train,42,42
2021.07.24.23.50.16_veh-17_01696_02071,2021.07.24.23.50.16_veh-17,20884384,93d40f5668c01a41e815f5cec6e04a18305a8740c342daaedf154ea3d4c21d8d,750,69,54,1,0,0,46,7,69,53,stage3:test,11,11
2021.08.09.17.55.59_veh-28_00021_00307,2021.08.09.17.55.59_veh-28,5317465,fb8d595b0d50355dcf4969dabfa6e7efa5ae4a629c8c51cc858938f29bf9e6b8,572,15,41,1,0,0,39,1,15,40,stage2:train,2,2
2021.08.09.17.55.59_veh-28_00320_00544,2021.08.09.17.55.59_veh-28,4117530,7c2dd56c2a91a69d8c130888e52af587d9abbaa3867b894a5a4dc64ce056d0ca,447,65,32,1,0,0,29,2,65,31,stage2:train,12,12
2021.08.09.17.55.59_veh-28_00558_00680,2021.08.09.17.55.59_veh-28,1133046,70ae12436c396e655c829ee24dfd363029d0e644902017f975ed971fa8cad4e1,244,14,18,1,0,0,16,1,14,17,stage2:train,3,3
2021.08.09.17.55.59_veh-28_00691_00876,2021.08.09.17.55.59_veh-28,2850935,37eb7abb55acad7ad18e4262e4a166e70e215bf483f6a35f61ccd7006c11ca20,370,46,27,1,0,0,21,5,46,26,stage2:train,8,8
2021.08.09.17.55.59_veh-28_00960_01031,2021.08.09.17.55.59_veh-28,1480102,872952192d0f6256eed669bcdf814ac012b53ae6cf96f5854003d87a5df5d2ae,142,7,11,1,0,0,9,1,7,10,stage2:train,1,1
2021.08.09.17.55.59_veh-28_01065_01167,2021.08.09.17.55.59_veh-28,1932904,a478c9d4e6ab54f2b50a11d25755eb17b73bd413a87781418554b94ece0368eb,204,6,15,1,0,9,5,0,6,5,stage2:train,1,1
2021.08.09.18.37.41_veh-28_00053_00548,2021.08.09.18.37.41_veh-28,11542923,c45b45676e5f6b743407dd19c54865d2cfd69d9ca8396f788c5afbe8eafc1e46,990,225,71,1,0,0,53,17,225,70,stage1:train,30,30
2021.08.09.18.37.41_veh-28_00648_00730,2021.08.09.18.37.41_veh-28,2012836,861f9598416f0e9eaacc8902669f6f9ae713c26be3dec68cd5c0f4cc6b7ef13e,164,34,12,1,0,1,7,3,34,10,stage1:train,5,5
2021.08.17.13.10.50_veh-08_00122_00295,2021.08.17.13.10.50_veh-08,1141890,821fb0d7c8d575696cbf59a6cbec3055d04c5bbd65d85b96f52f02e8b341b56f,346,30,25,1,0,0,23,1,30,24,stage2:test,8,8
2021.08.17.13.10.50_veh-08_00313_00564,2021.08.17.13.10.50_veh-08,3377633,1b4b3eb4b71aa87d65a6826c3cfa1604e9cad945d0db6114a0ae87c457101a20,502,98,36,1,0,0,29,6,98,35,stage2:test,16,16
2021.08.17.13.10.50_veh-08_00726_01027,2021.08.17.13.10.50_veh-08,3542153,623a47b580ed7b5cf0525ba72daf450f858506984d4885198e94eb6eba93c1b9,602,106,43,0,0,0,36,7,106,43,stage2:test,15,15
2021.08.17.13.10.50_veh-08_01060_01340,2021.08.17.13.10.50_veh-08,3131770,72f72ff5cf7b37d6590669709eebd0f146224625463b4f39d1771a8f1df1f8de,559,69,40,1,0,0,33,6,69,39,stage2:test,10,10
2021.08.17.13.15.12_veh-45_00168_00302,2021.08.17.13.15.12_veh-45,739532,9fb26b0a5732857c927873b8182c1328e63e8140365161c023c00c99b4c57101,268,48,20,1,0,0,15,4,48,19,stage1:train,6,6
2021.08.17.13.15.12_veh-45_00324_00489,2021.08.17.13.15.12_veh-45,1227027,419377ba25bdf2041c59cc110b1aa9fd45eb2701195cc5dfe1debadc3e326b0e,330,61,24,1,0,0,19,4,61,23,stage1:train,9,9
2021.08.17.13.15.12_veh-45_00565_00643,2021.08.17.13.15.12_veh-45,822124,feb76a876d8aa3ce24312e55c37358b80494640095c19c3ea6db21e1a2583a6f,156,29,12,1,0,0,10,1,29,11,stage1:train,5,5
2021.08.17.13.15.12_veh-45_00691_00794,2021.08.17.13.15.12_veh-45,1725104,efb2d516edfeaeef16791e35fde8c84285b6928d728a705a3c6359a3e4c48f10,206,26,15,1,0,0,11,3,26,14,stage1:train,6,6
2021.08.17.13.15.12_veh-45_00819_00884,2021.08.17.13.15.12_veh-45,921450,a768c774a05737e2c521123835daf62a60e3628fe6c26e5da71d462f071a991a,130,60,10,1,0,0,5,4,60,9,stage1:train,6,6
2021.08.17.13.15.12_veh-45_00925_00987,2021.08.17.13.15.12_veh-45,588268,f54e71740ac7c741e64a9e292a9f84bd7ff64700797a6b19fb50c78c6780aca4,124,24,9,1,0,0,6,2,24,8,stage1:train,2,2
2021.08.17.13.15.12_veh-45_01049_01467,2021.08.17.13.15.12_veh-45,5260087,68e117f0a6091c7eff1155df4bc0ff950229489cbf90c115152c9da564a4df6f,836,128,60,1,0,0,49,10,128,59,stage1:train,19,19
2021.08.17.13.15.12_veh-45_01517_01668,2021.08.17.13.15.12_veh-45,2074456,1dc67a505f0967bf5426f2103be37c8b859d075fb68bba6b8c8abd24e5405ab3,302,47,22,1,0,0,16,5,47,21,stage1:train,7,7
2021.08.17.13.15.12_veh-45_01679_01816,2021.08.17.13.15.12_veh-45,1771512,c87004639b7d811a6a3c3ce83ceb44cd0e4a146ed1b072ce70571fc591834c14,274,69,20,1,0,0,17,2,69,19,stage1:train,10,10
2021.08.17.13.15.12_veh-45_02025_02103,2021.08.17.13.15.12_veh-45,474441,a0d7375b6b33182d48ffe92a3dbe69bbc6970804edfb4d7f662893044812449b,156,82,12,1,0,0,6,5,82,11,stage1:train,8,8
2021.08.17.13.15.12_veh-45_02124_02293,2021.08.17.13.15.12_veh-45,1280230,46223f00b03e6797931765bf303bb0e267ecb07fdc126ec16f3da9a218e7f785,338,115,25,1,0,0,15,9,115,24,stage1:train,16,16
2021.08.17.13.15.12_veh-45_02304_02650,2021.08.17.13.15.12_veh-45,3379457,3d9bcce11cf988af5eadd33a28feb4d157548c48c02a4a57a9c01deb87761383,692,106,50,1,0,1,39,9,106,48,stage1:train,21,21
2021.08.17.14.32.33_veh-08_00016_00354,2021.08.17.14.32.33_veh-08,4752135,123d2b66d29572f921fb9e0ad452b79463481e873a4e7d87416133476d14c134,676,89,49,1,0,0,42,6,89,48,stage2:train,14,14
2021.08.17.14.32.33_veh-08_00390_00468,2021.08.17.14.32.33_veh-08,732277,7025de47d2a7dad9be39f8fcd98aa7888877118ce30e0f5ef12b8c96bd7c792f,156,24,12,1,0,0,11,0,24,11,stage2:train,5,5
2021.08.17.14.32.33_veh-08_00521_01051,2021.08.17.14.32.33_veh-08,7123438,6cd18fd667a3932554c20ef97fc2953ef1c44c9364bf5d0566fc754822311528,1060,133,76,1,0,0,62,13,133,75,stage2:train,21,21
2021.08.17.14.32.33_veh-08_01072_01231,2021.08.17.14.32.33_veh-08,947379,fd3d031217b975e17f0cc37b0471518b4559a7ef3358d6bcc8936c352c6d7da9,318,77,23,1,0,0,17,5,77,22,stage2:train,11,11
2021.08.17.14.32.33_veh-08_01262_01528,2021.08.17.14.32.33_veh-08,1882007,5d7f45c40c9907a8836176ea4f73a41dda70aea1260fb4c7664bbce6a29e24bb,532,188,38,0,0,0,26,12,188,38,stage2:train,23,23
2021.08.17.14.32.33_veh-08_01576_01919,2021.08.17.14.32.33_veh-08,2447842,c152a56f50439edeeb4b05747abc025d0952412158a6c8084da3038bd7f73f56,686,269,49,0,0,2,33,14,269,47,stage2:train,35,35
2021.08.17.14.45.12_veh-42_00092_00301,2021.08.17.14.45.12_veh-42,1375394,83b71ea5aa994101d2d2bd65701ae77ac49dc47f4eb819b1d733b6e506d04730,418,68,30,1,0,0,24,5,68,29,stage2:train,13,13
2021.08.17.14.45.12_veh-42_00312_00531,2021.08.17.14.45.12_veh-42,2647189,903ae4e024f01c5e631c286613b399461bc69ddac6ebab0759c1beedba8f7fcd,438,146,32,1,0,0,24,7,146,31,stage2:train,17,17
2021.08.17.14.45.12_veh-42_00542_00803,2021.08.17.14.45.12_veh-42,3315967,5fcda45b080a6e5a0cdb74c9c4632d2dc787c1e1dac1450b673c7d3e925a2aa5,522,87,38,1,0,0,28,9,87,37,stage2:train,13,13
2021.08.17.14.45.12_veh-42_00831_01079,2021.08.17.14.45.12_veh-42,3464057,9410af9a28b7c4d6333e59cc9184c5e26e2bc512005e10425f15c7bd6c6af81e,496,85,36,1,0,0,31,4,85,35,stage2:train,15,15
2021.08.17.14.45.12_veh-42_01119_01535,2021.08.17.14.45.12_veh-42,5107930,9da04ac99333494b651cc6dc374966176deb23afcb9a7ae902ef3348e1be6e9e,832,183,60,1,0,0,50,9,183,59,stage2:train,29,29
2021.08.17.14.45.12_veh-42_01562_01754,2021.08.17.14.45.12_veh-42,1999372,393227ff9b64cb965fda1867cb54a33cef1575b3572c710414ebc178ebe58cd3,384,41,28,1,0,0,24,3,41,27,stage2:train,7,7
2021.08.17.14.45.12_veh-42_01866_01999,2021.08.17.14.45.12_veh-42,794897,b326d8d2dbde553d298d4a15fb410952f729c23f3c949b296fa961ec3f92eb29,266,79,19,0,0,0,12,7,79,19,stage2:train,10,10
2021.08.17.16.48.45_veh-43_00114_00415,2021.08.17.16.48.45_veh-43,2253505,dfb1dab0e67098e12637fbf5c8e04b856ba70a137722bf508031f9f523df5e6c,602,42,43,0,0,0,41,2,42,43,stage2:train,12,12
2021.08.17.16.48.45_veh-43_00451_00871,2021.08.17.16.48.45_veh-43,5714860,65c015666424864ea2731874297b750d725615e35b19fd7343c547179fdd2dab,840,182,60,0,0,0,45,15,182,60,stage2:train,29,29
2021.08.17.16.48.45_veh-43_00936_01035,2021.08.17.16.48.45_veh-43,1705027,25530c6062050c18b4daba5e27a3fb0ce461cabc4dc39bdf2d5681e12c3794bc,198,23,15,1,0,0,10,4,23,14,stage2:train,7,7
2021.08.17.16.48.45_veh-43_01060_01405,2021.08.17.16.48.45_veh-43,5774403,e5ecf6ff676534d1494bc514a2e00b4e0d18fbdaeefab8044be6561ed24c8ba2,690,127,50,1,0,0,36,13,127,49,stage2:train,20,20
2021.08.17.16.48.45_veh-43_01439_01665,2021.08.17.16.48.45_veh-43,3639143,04b74fcfec1417c5c2cf6d9c8c5f376b70ec563671b4ce507f4bf7e49ca6f455,452,78,33,1,0,0,27,5,78,32,stage2:train,13,13
2021.08.17.16.48.45_veh-43_01676_01764,2021.08.17.16.48.45_veh-43,752544,afa5e71b6f8b895657dbe558d454dce526f08005476ac6a298ba9bf5a84d5815,176,24,13,1,0,0,11,1,24,12,stage2:train,4,4
2021.08.17.16.48.45_veh-43_01837_02038,2021.08.17.16.48.45_veh-43,1239540,aba4e5cfd8babf204b20c9c37edb97ae0b651e68018d674c279fb7ee4a31890c,402,97,29,1,0,0,20,8,97,28,stage2:train,15,15
2021.08.17.16.48.45_veh-43_02070_02652,2021.08.17.16.48.45_veh-43,5690674,5f561bddd71dad8f3b3d75cddec50fb5ade7d0c4f90fee69c302a18d2c511337,1164,251,84,1,0,0,63,20,251,83,stage2:train,35,35
2021.08.17.16.48.45_veh-43_02693_03062,2021.08.17.16.48.45_veh-43,4705677,18f6802b6e955ef862e889db6c4332773f602a21118024d2bff9f1976c2de970,738,86,53,1,0,0,46,6,86,52,stage2:train,17,17
2021.08.17.16.48.45_veh-43_03137_03245,2021.08.17.16.48.45_veh-43,624484,63ee417e7d8bf76ed8eaab3af2a180d1415f6c733fd4def198571c4d618a1826,216,11,16,1,0,0,14,1,11,15,stage2:train,3,3
2021.08.17.16.48.45_veh-43_03268_03352,2021.08.17.16.48.45_veh-43,713574,e9db73cd739fb2bca19ab484cb74071d086445ed3f014ee70cb397db2687026b,168,62,12,0,0,0,7,5,62,12,stage2:train,9,9
2021.08.17.16.48.45_veh-43_03384_03788,2021.08.17.16.48.45_veh-43,2864864,fa0a736ce95d0b990f9fb5d35aad4c488bff750860af7306e0d5dfa3d834b8d0,808,205,58,1,0,0,40,17,205,57,stage2:train,30,30
2021.08.17.16.57.11_veh-08_00206_00331,2021.08.17.16.57.11_veh-08,708408,e2f7bc0bf7f05d2da5ab3f81cbfa38ed09235455c8f83b3ac7bc44c847b6df99,250,71,18,1,0,0,13,4,71,17,stage2:train,10,10
2021.08.17.16.57.11_veh-08_00354_01167,2021.08.17.16.57.11_veh-08,11884323,313c1cbef44d52e747e434c27091f83bd69874510eb01186d0d43e00ba9ed45e,1626,279,117,1,0,0,95,21,279,116,stage2:train,43,43
2021.08.17.16.57.11_veh-08_01200_01636,2021.08.17.16.57.11_veh-08,5575789,28a993d239a8eedafcd967b395b70e473886d8d415369c6ca1dffe0e2ab565f0,872,185,63,1,0,2,48,12,185,60,stage2:train,27,27
2021.08.17.17.17.01_veh-45_00123_00191,2021.08.17.17.17.01_veh-45,381541,497aa7c30e2c4490591cf01f108daadc11e6a3e767cac43bac358f8df64efc2c,136,28,10,1,0,0,8,1,28,9,stage1:train,5,5
2021.08.17.17.17.01_veh-45_00207_00594,2021.08.17.17.17.01_veh-45,4314430,cbae8473b2c78fccb5f60f03f326cc0f71b375914b474f993635903948a67202,774,143,56,1,0,0,43,12,143,55,stage1:train,21,21
2021.08.17.17.17.01_veh-45_00762_01166,2021.08.17.17.17.01_veh-45,5270214,3e7f671b8fdd1486b0be564a92fe261a44211a3158f792aace006e66deb06bcd,808,117,58,1,0,0,48,9,117,57,stage1:train,19,19
2021.08.17.17.17.01_veh-45_01207_01417,2021.08.17.17.17.01_veh-45,3214786,ed9941d3b5c492871c2d2cee574da10142d1d311816953113e1621695a7a11ed,420,73,30,0,0,0,23,7,73,30,stage1:train,10,10
2021.08.17.17.17.01_veh-45_01443_01678,2021.08.17.17.17.01_veh-45,2872946,d622abf80b6db048c3d7b439ac04755e3e121d706c13709d275cf156cd6c0195,470,113,34,1,0,0,23,10,113,33,stage1:train,17,17
2021.08.17.17.17.01_veh-45_01796_02069,2021.08.17.17.17.01_veh-45,3197268,8eef3678df81239886c469144ea33827fe9e35aea48266433705c66798a922d6,546,87,39,0,0,0,32,7,87,39,stage1:train,15,15
2021.08.17.17.17.01_veh-45_02098_02251,2021.08.17.17.17.01_veh-45,1993835,55750337051675cb1a979b09ddef4c4148a97766bc88a1bc19a926ee86849a40,306,47,22,1,0,0,19,2,47,21,stage1:train,7,7
2021.08.17.17.17.01_veh-45_02314_02798,2021.08.17.17.17.01_veh-45,8113271,0a6d86918ae66824557f2be7fde92fb987f454b9d8294444fe508033ffdb7999,968,127,70,1,0,2,54,13,127,67,stage1:train,22,22
2021.08.17.17.55.18_veh-43_00016_00083,2021.08.17.17.55.18_veh-43,1299169,4fd5e9e5064fbeec52d1098baaee32279b5a0ceda23eac3194f1321b5391022a,134,2,10,1,0,0,8,1,2,9,stage1:train,1,1
2021.08.17.17.55.18_veh-43_00122_00325,2021.08.17.17.55.18_veh-43,3069760,29368674b9929988130ea70ae86f194302239e3d0adf3d273a09b45e13961df8,406,68,29,0,0,0,25,4,68,29,stage1:train,10,10
2021.08.17.17.55.18_veh-43_00358_00673,2021.08.17.17.55.18_veh-43,4007288,30ea186e9aebb0d2c76d40f77ec692aa98eed52feb271b4c2a403bc199beaec9,630,99,45,0,0,0,37,8,99,45,stage1:train,17,17
2021.08.17.17.55.18_veh-43_00802_01030,2021.08.17.17.55.18_veh-43,4189407,485ff8188a7fc67d8e0c7d698f2c23360a17ac5ad677b7e1f8508c87a6fa58f8,456,78,33,1,0,0,26,6,78,32,stage1:train,11,11
2021.08.17.17.55.18_veh-43_01240_01704,2021.08.17.17.55.18_veh-43,7314395,d38f1b6fd27910a7abb49d2b28096958addf3120315fddc3386e706cc09575ab,928,152,67,1,0,0,55,11,152,66,stage1:train,23,23
2021.08.17.18.11.12_veh-08_00083_00200,2021.08.17.18.11.12_veh-08,686846,c7f9c1d1b1979eddd2a6ddff0104b88cc21e1cfb5704e1d0996bb407e897985a,234,59,17,1,0,0,13,3,59,16,stage1:train,10,10
2021.08.17.18.11.12_veh-08_00234_00611,2021.08.17.18.11.12_veh-08,2817857,b447ba1ab8d17658ddc6d8a440441cb4a0135dd1ed27ff570af7853806182330,754,122,54,1,0,0,47,6,122,53,stage1:train,18,18
2021.08.17.18.11.12_veh-08_00629_01599,2021.08.17.18.11.12_veh-08,14904871,1e47f1714cf3017e1fba94e0be3ccbc0d7190cdc9c0e9b662765537c7c480d6c,1940,308,139,1,0,0,116,22,308,138,stage1:train,49,49
2021.08.17.18.11.12_veh-08_01622_01709,2021.08.17.18.11.12_veh-08,782263,3e47abc0137c5eb6e1cb2bc0596706c71cb997218b2cf0cf84737305af0c5508,174,28,13,1,0,1,9,2,28,11,stage1:train,5,5
2021.08.17.18.13.38_veh-45_00016_00127,2021.08.17.18.13.38_veh-45,1554392,4461af881e301815c16bd341c74fa0bf58cd1b3714da9a8d38baa3f2e253718f,222,35,16,1,0,0,14,1,35,15,stage3:train,4,4
2021.08.17.18.13.38_veh-45_00151_00387,2021.08.17.18.13.38_veh-45,3462251,bb283d88009d2bacfe50f40b353c3ff31ec41e40270076e5ee2168b91bd6d01e,472,66,34,1,0,0,29,4,66,33,stage3:train,12,12
2021.08.17.18.13.38_veh-45_00410_00618,2021.08.17.18.13.38_veh-45,2090418,eeefaaef7c2f4ea4de4cdba3e7b03f3092085aaca79771b26b063b11047a8676,416,85,30,1,0,0,24,5,85,29,stage3:train,12,12
2021.08.17.18.13.38_veh-45_00641_00881,2021.08.17.18.13.38_veh-45,3558194,d732799366ee7bf3b5ca37c5f042564074999c0a01923448e184bd9b65e66649,480,33,35,1,0,0,32,2,33,34,stage3:train,6,6
2021.08.17.18.13.38_veh-45_00946_01854,2021.08.17.18.13.38_veh-45,14159359,a8bd23439a37da6404a4fac644d3dd81959117fd492e4ca570a85186324000e8,1816,319,130,1,0,18,91,20,319,111,stage3:train,45,45
2021.08.17.18.44.32_veh-08_00016_00564,2021.08.17.18.44.32_veh-08,6984448,2de72334ca9a9d680d681579050849af051314b5030f9d0013fc816ce7a1187a,1096,130,79,1,0,0,68,10,130,78,stage2:train,24,24
2021.08.17.18.44.32_veh-08_00586_00848,2021.08.17.18.44.32_veh-08,4010330,ea524248acfb4cd39dc8f4c5f44f2c15ccc2f48ab9bd19f2a41c06b58e9f1a13,524,106,38,1,0,0,32,5,106,37,stage2:train,16,16
2021.08.17.18.44.32_veh-08_00873_01540,2021.08.17.18.44.32_veh-08,8128181,f56caff198a8ed31836949245637cc1b6fb054fde39c137c2cba72e298100d04,1334,201,96,1,0,28,55,12,201,67,stage2:train,28,28
2021.08.17.18.54.02_veh-45_00016_00304,2021.08.17.18.54.02_veh-45,4261794,e40c63edff25ae2c22b26338ab33d3c36357de22529bf6fc97727284ad3b89cc,576,102,42,1,0,0,33,8,102,41,stage2:audit,14,14
2021.08.17.18.54.02_veh-45_00511_00579,2021.08.17.18.54.02_veh-45,923758,8f3e8b7f59aba2517b02de506155eee293957654e0ef1c5122d0606900cfe279,136,43,10,1,0,0,5,4,43,9,stage2:audit,5,5
2021.08.17.18.54.02_veh-45_00665_01065,2021.08.17.18.54.02_veh-45,5395822,d631fd5c1f61a7be64dadc4b3752c3d7c42c2bac539a6e4af395c627e6f7752d,800,111,58,1,0,0,50,7,111,57,stage2:audit,16,16
2021.08.17.18.54.02_veh-45_01103_01238,2021.08.17.18.54.02_veh-45,2362582,6224492eadf4f680d0970c8acb94ae66456867caa7e49acaf9aed231e5865207,270,37,20,1,0,0,18,1,37,19,stage2:audit,6,6
2021.08.17.18.54.02_veh-45_01261_02086,2021.08.17.18.54.02_veh-45,10367526,83d4c1876272a9c403410a1490a1a2432d2d081e72572c30ca890b22b1e924aa,1650,247,118,1,0,0,98,19,247,117,stage2:audit,41,41
2021.08.17.18.54.02_veh-45_02105_02189,2021.08.17.18.54.02_veh-45,578634,29ca5d84fc03c69fc45e486442b62da4a33e629d21f91a4418a854b14e4ae0c3,168,20,12,0,0,0,11,1,20,12,stage2:audit,6,6
2021.08.17.18.54.02_veh-45_02202_02416,2021.08.17.18.54.02_veh-45,1639442,864b8ddcb0e5b635f2a50fae07cde12be0cafa223d6d622873290c9ed8c9e182,428,60,31,1,0,1,23,6,60,29,stage2:audit,7,7
2021.08.17.19.18.39_veh-08_00118_00178,2021.08.17.19.18.39_veh-08,353730,18e496ebd0beabaddb2a4a5815a6088a0c91bdf0a955808908b11b7b329ef81e,120,26,9,1,0,0,6,2,26,8,stage2:train,4,4
2021.08.17.19.18.39_veh-08_00208_00380,2021.08.17.19.18.39_veh-08,1311286,cac8436817e38a1e45806ca3677c2475da1c0d0cbfb1c417fd3ee82500829380,344,82,25,1,0,0,18,6,82,24,stage2:train,13,13
2021.08.17.19.18.39_veh-08_00407_00595,2021.08.17.19.18.39_veh-08,1390878,b1bbc23a72376e8477f59f9f8e4ca3eed91eade9855860d86104ccac538eb616,376,105,27,1,0,0,21,5,105,26,stage2:train,13,13
2021.08.17.19.18.39_veh-08_00696_00823,2021.08.17.19.18.39_veh-08,1038231,e7101a087bab379bc7b75fa05c8d07480ac8f9496ffabfa06112888174fb4087,254,91,19,1,0,0,13,5,91,18,stage2:train,10,10
2021.08.24.14.25.28_veh-42_00333_00472,2021.08.24.14.25.28_veh-42,1288748,27edbf9757380361a0e32e2f6044c0f29f5571f368ecf0bbc7951f37c5ca1f41,278,55,20,1,0,0,16,3,55,19,stage2:train,11,11
2021.08.24.14.35.46_veh-45_00011_00162,2021.08.24.14.35.46_veh-45,1100087,74336ed09845bd783af825ec481a5711ac098270e4bdbd0affac1af19b79165a,302,46,22,1,0,0,18,3,46,21,stage2:test,9,9
2021.08.24.14.35.46_veh-45_00549_00693,2021.08.24.14.35.46_veh-45,1700998,e697ee52c6069e827f75e702229786df2a028affc65acaab91b0adf351f4bd82,288,56,21,1,0,0,16,4,56,20,stage2:test,9,9
2021.08.24.14.35.46_veh-45_01568_01663,2021.08.24.14.35.46_veh-45,597401,676fe508cfaeaa0835ae8cc2b67e1f7e92e1092071a5341d1877f5b7d303c87e,190,74,14,1,0,0,7,6,74,13,stage2:test,7,7
2021.08.24.15.09.18_veh-45_00216_00862,2021.08.24.15.09.18_veh-45,7707339,e704740a00741b75770cc47e9252d48b5515cdb0824a0c651998268b4aa48ad7,1292,248,93,1,0,0,73,19,248,92,stage2:train,40,40
2021.08.24.17.01.06_veh-45_00228_00689,2021.08.24.17.01.06_veh-45,3920242,9d3ebb6d2fd7dbd15b10f927979a2be4c5e62abbe317d4b80dd88e64d8ce4668,922,178,66,1,0,0,53,12,178,65,stage2:train,29,29
2021.08.24.17.01.06_veh-45_01557_01681,2021.08.24.17.01.06_veh-45,989700,3e417e772a5802d3a16f6eb77339fcb635509e6b73da904be175606d3d58cf49,248,40,18,1,0,5,9,3,40,12,stage2:train,6,6
2021.08.24.17.34.27_veh-45_00696_00786,2021.08.24.17.34.27_veh-45,1853435,3db36482611ad362774dc2cab3aef4a2673c5e2a42035d5212593034651d1a37,180,11,13,1,0,0,12,0,11,12,stage1:train,3,3
2021.08.24.17.34.27_veh-45_00808_00993,2021.08.24.17.34.27_veh-45,2481579,804a750b2864bccde69ea89719389bb9bfec7d5454bd8c11b4fdcfecac0d9767,370,55,27,1,0,0,22,4,55,26,stage1:train,9,9
2021.08.24.17.34.27_veh-45_01478_01553,2021.08.24.17.34.27_veh-45,472977,218a382d01bd1aa68de3cd24fb6e63d8101c353a15a17072592096f9e9cf035b,150,69,11,1,0,0,4,6,69,10,stage1:train,7,7
2021.08.24.17.37.11_veh-08_02359_02623,2021.08.24.17.37.11_veh-08,3338963,00890ebd892172cb161891e57134dbf63fedfc2064c76bed69453bb2ba6a4474,528,70,38,1,0,0,33,4,70,37,stage2:train,14,14
2021.08.24.18.07.48_veh-45_00203_00300,2021.08.24.18.07.48_veh-45,581515,d3ab281484dd98c5a2b5907aac65e86203d0b0d1db2140eb07f7d63ed3f3fa17,194,50,14,1,0,0,9,4,50,13,stage2:train,6,6
2021.08.24.18.07.48_veh-45_00873_01142,2021.08.24.18.07.48_veh-45,4451209,baa71e63b276ad2d7a12beba40f7af0a0a9388c089f33ca771676844cebe950c,538,102,39,1,0,0,31,7,102,38,stage2:train,15,15
2021.08.24.18.07.48_veh-45_01504_01722,2021.08.24.18.07.48_veh-45,2293086,b7ee3826b3ba54d6389e5340de59dd5286a44bb9ea3b29492f3e4d560449ea8c,436,65,32,1,0,0,29,2,65,31,stage2:train,10,10
2021.08.24.18.30.46_veh-08_01674_01850,2021.08.24.18.30.46_veh-08,2620562,13f45fc7d6704fa8ad7bd9adceb6f12219c2e7614d2d990ab347a5ec3c80a103,352,74,26,1,0,0,20,5,74,25,stage2:train,11,11
2021.08.24.18.30.46_veh-08_01985_02093,2021.08.24.18.30.46_veh-08,1923566,77e4ff2ac72b534f3ad77c3ce762d01d8211142f8a9ef4d8829df6948c2c0ea5,216,33,16,1,0,0,14,1,33,15,stage2:train,6,6
2021.08.24.18.30.46_veh-08_02327_02583,2021.08.24.18.30.46_veh-08,1812322,14c97f29dd64a5e0b7b17eed45b3784a2e73295ffec0c75afa0c0666db8b2b48,512,124,37,1,0,0,29,7,124,36,stage2:train,17,17
2021.08.24.18.30.46_veh-08_02605_02732,2021.08.24.18.30.46_veh-08,886466,e87b17ffbe642a5e0937bc6cf8a791ca1134901e043d48e399ffaaae1d1f7ffd,254,48,19,1,0,1,12,5,48,17,stage2:train,7,7
2021.08.24.19.30.33_veh-45_00290_00484,2021.08.24.19.30.33_veh-45,1682094,c05a095142c5285ad68e161fae2abb5cec325da82ce41c524c22eabddcf23d6f,388,21,28,1,0,0,26,1,21,27,stage2:train,4,4
2021.08.24.19.30.33_veh-45_01391_01523,2021.08.24.19.30.33_veh-45,909566,4f0afc6794d102e27c4d6042af0e3e2fea485d01147b0efbd496a133e3452406,264,75,19,1,0,0,13,5,75,18,stage2:train,12,12
2021.08.24.20.03.01_veh-45_00021_00143,2021.08.24.20.03.01_veh-45,1593665,02724ec3c6a4dbecca501b3be0a93c7a776e3c95df3fa1c1c612cfec468ab3dc,244,36,18,1,0,0,15,2,36,17,stage2:test,6,6
2021.08.24.20.03.01_veh-45_00171_00238,2021.08.24.20.03.01_veh-45,880521,4935cfce1a2f3670d957069aa2fe46f474a73706c2994a8d6c8b90736ecc5c21,134,13,10,1,0,0,8,1,13,9,stage2:test,2,2
2021.08.24.20.03.01_veh-45_00269_00428,2021.08.24.20.03.01_veh-45,2293708,dffca501f8f88c9766d90608cbfd45cc20539135a86b472c483b2d2f3395b566,318,47,23,1,0,0,17,5,47,22,stage2:test,10,10
2021.08.24.20.03.01_veh-45_00463_00588,2021.08.24.20.03.01_veh-45,1501918,300de58eb379fcbce06c010a1a159e8a7985cfdf657ebd00d0e4d4035fb827e0,250,46,18,1,0,0,15,2,46,17,stage2:test,8,8
2021.08.24.20.03.01_veh-45_00687_00787,2021.08.24.20.03.01_veh-45,661228,48d62ab52ea87bfb56d03a4021368828621107f6a65877702dafe4ff7e281f16,200,39,15,1,0,0,12,2,39,14,stage2:test,8,8
2021.08.24.20.03.01_veh-45_00824_00888,2021.08.24.20.03.01_veh-45,520662,42c65bad16fc5a6ca49f402948d9e64bc71927a6b4432698c5153c47d055f4cb,128,45,10,1,0,0,4,5,45,9,stage2:test,6,6
2021.08.31.11.47.30_veh-40_00248_00376,2021.08.31.11.47.30_veh-40,2074340,8b0e29bc6e5dc156dd0f3daa2e1ae0f3982d3fec6cf880ccfb1df43cf9889dc9,256,56,19,1,0,0,15,3,56,18,stage2:train,7,7
2021.08.31.11.47.30_veh-40_00393_00847,2021.08.31.11.47.30_veh-40,7178118,46dbc83eda138cb2fe8a39f70cd8389c84b412b89e955bf53c2348d19d514ae7,908,157,65,1,0,0,53,11,157,64,stage2:train,21,21
2021.08.31.11.47.30_veh-40_00919_01000,2021.08.31.11.47.30_veh-40,2077496,5dab41cdc31863448edd0e54c1910868a9876738552d1a6c23a54cfdc3c1913d,162,27,12,1,0,0,9,2,27,11,stage2:train,4,4
2021.08.31.11.47.30_veh-40_01146_01347,2021.08.31.11.47.30_veh-40,2627572,95896992814a9c19753d64e3c582ccd8c2bb6bcf7ed04fd975898b78ef9e41af,402,118,29,1,0,0,19,9,118,28,stage2:train,13,13
2021.08.31.11.47.30_veh-40_01362_01737,2021.08.31.11.47.30_veh-40,5652127,d551cdec110bd4234cfcc225def193c2bafb28e7641f76519180841871ce8b71,750,119,54,1,0,0,45,8,119,53,stage2:train,17,17
2021.08.31.12.21.30_veh-40_00056_00155,2021.08.31.12.21.30_veh-40,919930,efcaa856bbb0471770c8cf1a7e7bc6a248b896521062fa2c76c7edd678c501f1,198,61,15,1,0,0,10,4,61,14,stage3:train,7,7
2021.08.31.12.21.30_veh-40_00248_00367,2021.08.31.12.21.30_veh-40,2515603,ff2e76f3a0748cdcf7ac991cefb8dfe92c0600bb11a52e4fbf4fd4feb1ba6983,238,53,17,0,0,0,13,4,53,17,stage3:train,6,6
2021.08.31.12.21.30_veh-40_00378_00527,2021.08.31.12.21.30_veh-40,3497416,2fa77edf49e5d8a1ec912552c9b84b5b88f9d1c1e34c87b56e302dfd85f17867,298,71,22,1,0,0,16,5,71,21,stage3:train,11,11
2021.08.31.12.21.30_veh-40_00538_00638,2021.08.31.12.21.30_veh-40,2069458,ac4feca93e8f0aff266a9a23e04381a197680af80e8b487c7be8d1e7850da79e,200,36,15,1,0,0,11,3,36,14,stage3:train,5,5
2021.08.31.12.21.30_veh-40_00661_00762,2021.08.31.12.21.30_veh-40,2716891,298f548fd7ca40621d7eac4d9fcce842937ee35384b7026bb461b178f9daf793,202,20,15,1,0,0,13,1,20,14,stage3:train,4,4
2021.08.31.12.21.30_veh-40_01485_01676,2021.08.31.12.21.30_veh-40,3745391,b8be404bbdce1f06390f2d4ffe4de411c1c95049d77c7e8e55c0bae3bd448357,382,30,28,1,0,0,24,3,30,27,stage3:train,8,8
2021.08.31.12.54.56_veh-40_00024_00106,2021.08.31.12.54.56_veh-40,1708369,4dbbd79ee085b42fc5aee7877ff5730e6df28c95d4578c5dfd33f9b25d1d5dbc,164,19,12,1,0,0,11,0,19,11,stage2:train,2,2
2021.08.31.12.54.56_veh-40_00305_00667,2021.08.31.12.54.56_veh-40,6503792,f1ee37d39f7e2c5c2e031d5b3747071dfab95cd81bd016ab2388ae1b0d2f4ac3,724,114,52,1,0,0,43,8,114,51,stage2:train,20,20
2021.08.31.12.54.56_veh-40_00725_00909,2021.08.31.12.54.56_veh-40,4307983,4c2d17b171134dbccf37dfc2d6f5b452090bf61acd0ecd02aced00901cb62da7,368,57,27,1,0,0,25,1,57,26,stage2:train,12,12
2021.08.31.12.54.56_veh-40_00921_01014,2021.08.31.12.54.56_veh-40,1861377,94386f680fcc5d448caa134000c34c2ce969262780453dee7299021088972742,186,22,14,1,0,0,12,1,22,13,stage2:train,5,5
2021.08.31.12.54.56_veh-40_01056_01183,2021.08.31.12.54.56_veh-40,2875608,34b0e3f116a20f9e320d607b62c0bb6aee85401f6d97a0c7ae06a9356efb40af,254,38,19,1,0,3,13,2,38,15,stage2:train,7,7
2021.08.31.13.27.52_veh-40_00058_00145,2021.08.31.13.27.52_veh-40,1819622,90a4e3dc742bc058f174bb18fd827815449a869fd606dc4de910da07c7cca698,174,12,13,1,0,0,11,1,12,12,stage3:train,2,2
2021.08.31.13.27.52_veh-40_00186_00414,2021.08.31.13.27.52_veh-40,2726055,9a6047f9362509072cada0eb8950647dc087f69f94decffe7ef67c9b84bbdfa2,456,99,33,1,0,0,24,8,99,32,stage3:train,14,14
2021.08.31.13.27.52_veh-40_00688_00750,2021.08.31.13.27.52_veh-40,1108497,af31025344a36aff723bb7a6459b4afd04c72b059ce446cb5d39e80bef1642d2,124,23,9,1,0,0,5,3,23,8,stage3:train,4,4
2021.08.31.13.27.52_veh-40_00869_01319,2021.08.31.13.27.52_veh-40,6300305,c05522b0b9e222f7e26667b3635f44895a29216d1917310c88e992accbe66edf,900,154,65,1,0,0,51,13,154,64,stage3:train,24,24
2021.08.31.13.27.52_veh-40_01330_01491,2021.08.31.13.27.52_veh-40,2645372,1baa825bfbd9f46b2dd094c70e66329ac6a75954697aca538ae9ce15a2612541,322,32,23,0,0,0,20,3,32,23,stage3:train,5,5
2021.08.31.13.27.52_veh-40_01615_01687,2021.08.31.13.27.52_veh-40,923131,872a64b371428d721ad6041388be3e0bd6a5ab0ac34ce85fe7b8a8b954b91533,144,35,11,1,0,1,7,2,35,9,stage3:train,4,4
2021.08.31.14.01.15_veh-40_00304_00384,2021.08.31.14.01.15_veh-40,1293382,59a7a576ddd508e01bd6d21fecdadc93b8814623b0725b8996dff5ddb216d9d4,160,33,12,1,0,0,8,3,33,11,stage1:test,4,4
2021.08.31.14.01.15_veh-40_00407_00497,2021.08.31.14.01.15_veh-40,1379911,11c6888c60392009a8228ffbe36c347aa5275dd7f69f566523efe500924ac0f6,180,19,13,1,0,0,9,3,19,12,stage1:test,3,3
2021.08.31.14.01.15_veh-40_00573_00681,2021.08.31.14.01.15_veh-40,1843170,45f9f88e417544bf748aaa8face9315ea45afd955424f1c1a4f8db25102db48d,216,24,16,1,0,0,14,1,24,15,stage1:test,4,4
2021.08.31.14.01.15_veh-40_00692_00977,2021.08.31.14.01.15_veh-40,4317680,436161c75b213db86fab74eb860f71e510ead6054dc9f6fea331f05788af5622,570,60,41,1,0,0,35,5,60,40,stage1:test,11,11
2021.08.31.14.01.15_veh-40_01109_01272,2021.08.31.14.01.15_veh-40,3778617,c2362454f1ab5da3f65ccabeb7a49afd38a6f9f94ee8578c641b2e628498dbc1,326,52,24,1,0,0,19,4,52,23,stage1:test,8,8
2021.08.31.14.01.15_veh-40_01284_01345,2021.08.31.14.01.15_veh-40,1179111,56adcc1c619abdf2492c20478e4ada0ebf2a4e304b905e0c581a88e13023c31b,122,4,9,1,0,0,8,0,4,8,stage1:test,2,2
2021.08.31.14.01.15_veh-40_01576_01714,2021.08.31.14.01.15_veh-40,2328104,389f2149b25f1ac027c334fa94117a34033aff67269dc619caac2e95beb2065f,276,41,20,1,0,1,15,3,41,18,stage1:test,5,5
2021.08.31.14.40.58_veh-40_00016_00084,2021.08.31.14.40.58_veh-40,1635482,bf55b481debbc05e671ecd6b83a8a6e6589137af7ddf92f4c362b46c4863d5e6,136,27,10,1,0,0,8,1,27,9,stage1:train,3,3
2021.08.31.14.40.58_veh-40_00125_00269,2021.08.31.14.40.58_veh-40,2568581,415598be103ec774b398d279acd52399134f57ca6f52d6d5f7a1090f152827e8,288,53,21,1,0,0,17,3,53,20,stage1:train,10,10
2021.08.31.14.40.58_veh-40_00285_00456,2021.08.31.14.40.58_veh-40,3362961,6bea10948b021f2d65001fede232c9e2062ddbbceb628041f68b7951a30a5c2b,342,39,25,1,0,0,19,5,39,24,stage1:train,5,5
2021.08.31.14.40.58_veh-40_00467_00668,2021.08.31.14.40.58_veh-40,2846377,a6a72af167e76ad45f19ccad2cdafa983017b73129454cb609980382d17c9225,402,79,29,1,0,0,24,4,79,28,stage1:train,11,11
2021.08.31.14.40.58_veh-40_00679_00892,2021.08.31.14.40.58_veh-40,2570631,130df74b729540789045e4a3867d26188f25d077c089872457600f8d27991b74,426,60,31,1,0,0,28,2,60,30,stage1:train,9,9
2021.08.31.14.40.58_veh-40_01022_01255,2021.08.31.14.40.58_veh-40,3086410,45e2168c0494c02351cd3a951493c016c1c206604b757863048f191b716e865a,466,103,34,1,0,0,25,8,103,33,stage1:train,14,14
2021.08.31.14.40.58_veh-40_01268_01618,2021.08.31.14.40.58_veh-40,7516809,837317abe6f608a9513607d3a6d78fe9457efbc8b488b5ee1e1d12baee691939,700,122,50,0,0,0,37,13,122,50,stage1:train,22,22
2021.08.31.16.37.21_veh-40_00016_00099,2021.08.31.16.37.21_veh-40,2057722,46585cd4300c5b2b574ae73cb0966278c1879ae582e2d752c70361b8c07e5174,166,19,12,1,0,0,9,2,19,11,stage1:train,2,2
2021.08.31.16.37.21_veh-40_00110_00187,2021.08.31.16.37.21_veh-40,1745728,ea3f5b3588c5d27dfb4e27f0418ab051d13493726edf41c5b4b0bb48a836f0ae,154,26,11,0,0,0,7,4,26,11,stage1:train,6,6
2021.08.31.16.37.21_veh-40_00198_00265,2021.08.31.16.37.21_veh-40,652752,3a37de8cd80e3196e0134f304453a462500e193508b2a866d980d0a4d4329355,134,12,10,1,0,0,9,0,12,9,stage1:train,2,2
2021.08.31.16.37.21_veh-40_00277_00417,2021.08.31.16.37.21_veh-40,1748164,55936234d3c07b6b7233bba0252a6c8d77efc3e2e6d1aec64fc68056cb6f8061,280,43,20,0,0,0,16,4,43,20,stage1:train,7,7
2021.08.31.16.37.21_veh-40_00429_00541,2021.08.31.16.37.21_veh-40,2632344,c26e04c782a7463c6334ee3d64fe7edb5003c1654e089ebf6f6ad0bed6291a5a,224,31,16,0,0,0,13,3,31,16,stage1:train,5,5
2021.08.31.16.37.21_veh-40_00554_00733,2021.08.31.16.37.21_veh-40,4852147,10bed439c8a64438802be518d47ef5d091c310f8d112ff54864c36726e1d426b,358,73,26,1,0,0,22,3,73,25,stage1:train,12,12
2021.08.31.16.37.21_veh-40_00798_00955,2021.08.31.16.37.21_veh-40,4477425,dd9d36b888ae81114984f1d3f04bac99973f696e9f9a98fd9deef74948df12f5,314,86,23,1,0,0,17,5,86,22,stage1:train,14,14
2021.08.31.16.37.21_veh-40_01101_01177,2021.08.31.16.37.21_veh-40,1247650,580b4e8cfa599f1e17e2ef7be28ed673dd1ff28caa19b62ce453d6fe9cc74955,152,17,11,1,0,0,9,1,17,10,stage1:train,3,3
2021.08.31.16.37.21_veh-40_01247_01379,2021.08.31.16.37.21_veh-40,2198881,a2b0b7b1519a405cb895bed86861126c667e88037a4ba11e49ff1d7fdc62531f,264,52,19,1,0,0,14,4,52,18,stage1:train,7,7
2021.08.31.16.37.21_veh-40_01405_01642,2021.08.31.16.37.21_veh-40,3825416,331027bed4ac7465e67e85a504010bfba76a5e47e1900b2b6748d99e556b23a0,474,113,34,1,0,0,26,7,113,33,stage1:train,15,15
2021.08.31.16.37.21_veh-40_01655_01736,2021.08.31.16.37.21_veh-40,1685398,2b317a25480a59c3640943511860426096f9f76761c60207726dd4a15ac92093,162,28,12,1,0,0,9,2,28,11,stage1:train,5,5
2021.08.31.17.42.52_veh-40_00389_00526,2021.08.31.17.42.52_veh-40,1726980,4a462a1697792fc5ac5d49bd190c8853a2955fad80ba5280c5dd2fda830cd2bf,274,39,20,1,0,0,15,4,39,19,stage2:train,5,5
2021.08.31.17.42.52_veh-40_00551_00680,2021.08.31.17.42.52_veh-40,2211850,fdeed0ee691b3fb45c7b99566a0ec1672f025bc10042499f1e33e961bd8a7ade,258,39,19,1,0,0,14,4,39,18,stage2:train,7,7
2021.08.31.17.42.52_veh-40_00833_00953,2021.08.31.17.42.52_veh-40,2103581,370085f672c04284102f53ac502dd0f0750c3845cfb474477cdb83353d9c2839,240,18,18,1,0,0,15,2,18,17,stage2:train,5,5
2021.08.31.17.42.52_veh-40_01033_01313,2021.08.31.17.42.52_veh-40,6172299,d5a19a9b3ef69da2c74f06a996e2b1181e0915d7b08f6a7699d6dc6fa8aa330d,560,94,40,0,0,0,35,5,94,40,stage2:train,15,15
2021.08.31.17.42.52_veh-40_01331_01444,2021.08.31.17.42.52_veh-40,2226029,f6b5ca480ac9588eb7c401b8fa434d05ffa4dc250f467e0e0ad7b80623666562,226,43,17,1,0,0,14,2,43,16,stage2:train,7,7
2021.08.31.17.42.52_veh-40_01551_01684,2021.08.31.17.42.52_veh-40,2940785,6841d5e586ef58c4793d5e3bf1c7358102310ae7d9637bc1ab176a58d6dbf240,266,32,19,0,0,9,7,3,32,10,stage2:train,4,4
2021.08.31.18.15.54_veh-40_00038_00199,2021.08.31.18.15.54_veh-40,1803022,6f503e41c2cef83e2ff46e0ecf65b300299eb946ac14342ed1d0710312c6a5ae,322,89,23,0,0,0,16,7,89,23,stage1:train,10,10
2021.08.31.18.15.54_veh-40_00227_00324,2021.08.31.18.15.54_veh-40,2175113,1d6d4abb07fbc1c1900e5a3c73f0ece7bab0abc78e39ae2422a79fcb722a219f,194,31,14,1,0,0,11,2,31,13,stage1:train,5,5
2021.08.31.18.15.54_veh-40_00335_00568,2021.08.31.18.15.54_veh-40,5621260,a9e1ddd67fa3d5c7d91ae2d473e37b409b600aed9fa71e8a5bc0f324c7a91ad2,466,75,34,1,0,0,29,4,75,33,stage1:train,14,14
2021.08.31.18.15.54_veh-40_00579_00980,2021.08.31.18.15.54_veh-40,8439575,7d75718aea1243719ac9a1fca69930b73c5ee7544e28e2a06e34ee10907c7026,802,143,58,1,0,0,44,13,143,57,stage1:train,21,21
2021.08.31.18.15.54_veh-40_01010_01094,2021.08.31.18.15.54_veh-40,1510164,db1d970272ca14793bb9c14a8de0b44d4a211fa110ad7285a66ede000400f555,168,39,12,0,0,0,12,0,39,12,stage1:train,6,6
2021.08.31.18.15.54_veh-40_01143_01496,2021.08.31.18.15.54_veh-40,7243337,630561479122790aac8e1c5bd68387d2f91b0492e79d2dbaaa36a7189fdff98d,706,151,51,1,0,0,43,7,151,50,stage1:train,19,19
2021.09.14.15.03.51_veh-45_00178_00336,2021.09.14.15.03.51_veh-45,2597175,95202076ddd68241c7c38a773f60a0fe5f79e168e6cccea1030588f5c8719418,316,41,23,1,0,0,19,3,41,22,stage3:train,9,9
2021.09.14.15.03.51_veh-45_00390_00585,2021.09.14.15.03.51_veh-45,1724132,cbec086540fd17d4144fdaada8be51a68a445ab7b8ded448ef34589d75b79c1e,390,24,28,1,0,0,26,1,24,27,stage3:train,5,5
2021.09.14.16.46.51_veh-45_00149_00900,2021.09.14.16.46.51_veh-45,10441585,0d60c249dc7bab11eeda21ada9fff957bf86310b40cbf7ce3e420d999395d515,1502,281,108,1,0,0,89,18,281,107,stage3:train,42,42
2021.09.14.16.46.51_veh-45_02322_02510,2021.09.14.16.46.51_veh-45,2335644,749252e40fb2c847133eb06a7d1d03ae946f8674be81a715b0dcdbf1ea624e03,376,75,27,1,0,0,19,7,75,26,stage3:train,9,9
2021.09.14.18.43.41_veh-45_00885_00952,2021.09.14.18.43.41_veh-45,1140108,f486556b2dbb9d5ac513c54b65d7dddfe8a17121106fe690e68cd5920e8b3927,134,29,10,1,0,0,7,2,29,9,stage2:train,5,5
2021.09.14.18.43.41_veh-45_00965_01195,2021.09.14.18.43.41_veh-45,2390801,2abe2659936f7cf7f63034e84d83952ee835940bcc775334116216e374946996,460,141,33,1,0,0,22,10,141,32,stage2:train,19,19
2021.09.14.18.43.41_veh-45_01245_01529,2021.09.14.18.43.41_veh-45,3734586,9d144b227fcfd73f81965dba362c4c00ad6b5190faccaa4e64fc616f2ce66a90,568,109,41,1,0,0,33,7,109,40,stage2:train,17,17
2021.09.14.18.43.41_veh-45_02296_02477,2021.09.14.18.43.41_veh-45,2653019,de6b3ee053ca3082a4b8354179885d6cfcf80d1635137e1cb227c9fe218eac28,362,85,26,1,0,0,18,7,85,25,stage2:train,15,15
2021.09.14.18.43.41_veh-45_02503_03013,2021.09.14.18.43.41_veh-45,7086718,8082058605f772cd9344f0c38ebf0aed8533079098042249883b93046331252a,1020,206,73,1,0,0,53,19,206,72,stage2:train,32,32
2021.09.14.19.46.05_veh-45_01937_02119,2021.09.14.19.46.05_veh-45,2314165,dcce28d3a6f158b7865a2f3b625f5f045e758b0d4351fbf4d0f086b1c3799085,364,85,26,0,0,0,19,7,85,26,stage1:test,12,12
2021.09.14.20.42.30_veh-45_00464_00579,2021.09.14.20.42.30_veh-45,1836699,ce9982238435810b1b6275283faf0933e0bbc73d6870c832c323ef95486cf389,230,59,17,1,0,0,12,4,59,16,stage2:train,8,8
2021.09.14.20.42.30_veh-45_00805_01078,2021.09.14.20.42.30_veh-45,4164148,b648895620f9ec3acdf1159185806e82570f3072bfea4c7dc632471726ca59b5,546,92,39,0,0,0,31,8,92,39,stage2:train,14,14
2021.09.14.20.42.30_veh-45_01097_01242,2021.09.14.20.42.30_veh-45,1830997,093ecba99942e921fca4d86576c1f85b840277ddba640ab765c350a708d0be96,290,13,21,1,0,0,20,0,13,20,stage2:train,4,4
2021.09.14.20.42.30_veh-45_01603_01670,2021.09.14.20.42.30_veh-45,548021,acefbc0d32626f264cb594552c86a1bbc4ea5ea30fb3a21a26065c836c6ce7fd,134,21,10,1,0,0,8,1,21,9,stage2:train,4,4
2021.09.15.11.49.23_veh-28_00081_00237,2021.09.15.11.49.23_veh-28,1787466,0dc53343f7e3476aaf93192b5a6dd9aa618ebec9c078944a38ae2a50f14ff2c5,311,25,23,1,0,0,20,2,25,22,stage1:train,4,4
2021.09.15.11.49.23_veh-28_00280_00506,2021.09.15.11.49.23_veh-28,4937743,4ffe173eb1683727058362b52bc5d52408e5fc99fbbdd48495e0fbbd13cd8f45,452,73,33,1,0,0,27,5,73,32,stage1:train,10,10
2021.09.15.11.49.23_veh-28_00520_00669,2021.09.15.11.49.23_veh-28,3798870,4df07403d38b34452f89792489d64e7dd38b7bc9c2a6d09ef3676ddc3ad5cbcc,298,55,22,1,0,0,17,4,55,21,stage1:train,10,10
2021.09.15.11.49.23_veh-28_00767_00955,2021.09.15.11.49.23_veh-28,3453525,e79f347ab6f30f77123fc59426b148bea1c82210537e15bf5dc3d93cbe76124e,375,36,27,1,0,0,25,1,36,26,stage1:train,7,7
2021.09.15.11.49.23_veh-28_01108_01493,2021.09.15.11.49.23_veh-28,5432301,31a6eadfd9ddd948d7548663f17a4fe680d6da4b3f7c19b1e922a2bd93584232,770,116,55,0,0,0,49,6,116,55,stage1:train,16,16
2021.09.15.11.49.23_veh-28_01869_02000,2021.09.15.11.49.23_veh-28,2509483,62aff077c4df9839a66aa2948a380fb686432b7b86e4148c4537036bd73e26f6,262,63,19,1,0,0,14,4,63,18,stage1:train,8,8
2021.09.15.11.49.23_veh-28_02024_02091,2021.09.15.11.49.23_veh-28,1007238,a43c3fdd1b7fb2df7601aeba3b2703cdecf35e8421564258dbf45797ae6811a7,134,24,10,1,0,0,6,3,24,9,stage1:train,3,3
2021.09.15.11.49.23_veh-28_02192_02253,2021.09.15.11.49.23_veh-28,1121767,58a37804d6c344c88d5475536f7e64007e95d983c8e8ee7e90b2c2366b1bbe73,122,24,9,1,0,0,5,3,24,8,stage1:train,3,3
2021.09.15.12.32.43_veh-28_00015_00093,2021.09.15.12.32.43_veh-28,2637588,b4b1e0636e691622ca6c02b18702dfdbc915f168920420053669c88a9ff47281,156,8,12,1,0,0,10,1,8,11,stage2:train,1,1
2021.09.15.12.32.43_veh-28_00202_00323,2021.09.15.12.32.43_veh-28,2222225,b646ce4cfd2510c1c5f0838ca41b315f864ea4882eafbb4f8f18b6cf6a7fa184,242,57,18,1,0,0,13,4,57,17,stage2:train,7,7
2021.09.15.12.32.43_veh-28_00417_00527,2021.09.15.12.32.43_veh-28,2375402,4b1e735171caa221af29736dc5f178f18092286912fb8f7cd6bf30cd95459ec9,220,34,16,1,0,0,12,3,34,15,stage2:train,6,6
2021.09.15.12.32.43_veh-28_00625_00697,2021.09.15.12.32.43_veh-28,1098688,5ebd5558ee625adcc7fc14a1e45a1aa40c4e01a2c5df3a1ea2da2e6f1ae1f2ef,144,14,11,1,0,0,9,1,14,10,stage2:train,3,3
2021.09.15.12.32.43_veh-28_00708_00866,2021.09.15.12.32.43_veh-28,4428254,c80e91394645a8482fb824b0296ff8f91d70c110910a9af9ab93e95baab4186b,316,48,23,1,0,0,19,3,48,22,stage2:train,8,8
2021.09.15.12.32.43_veh-28_00973_01056,2021.09.15.12.32.43_veh-28,1531607,1f9aff3284bc910626a71f450de295da1ac55bdfca07e738938b65e075d0fcde,166,35,12,1,0,0,8,3,35,11,stage2:train,6,6
2021.09.15.12.32.43_veh-28_01070_01157,2021.09.15.12.32.43_veh-28,1561564,b31d5ce392628bc8a872714143bee00be47a7ab402da92411a67cbd7d86259a7,174,28,13,1,0,0,11,1,28,12,stage2:train,5,5
2021.09.15.12.32.43_veh-28_01238_01314,2021.09.15.12.32.43_veh-28,1271030,fef3d067e957295885441ea461679409bc30011b4f6b45c3e55918a3d2d9c6f6,152,46,11,1,0,0,8,2,46,10,stage2:train,5,5
2021.09.15.12.32.43_veh-28_01410_01501,2021.09.15.12.32.43_veh-28,1288621,c4df953461a22b78519b1832b17310a2d522fd64fcc60d1f5085d323c0e1bf3b,182,40,13,0,0,0,11,2,40,13,stage2:train,6,6
2021.09.15.12.32.43_veh-28_01513_01697,2021.09.15.12.32.43_veh-28,1892443,ef3241459c5879d8b1f444efb4d2eb48a6b58879fa6526b4ed44b86fe68177f3,368,56,27,1,0,0,21,5,56,26,stage2:train,8,8
2021.09.15.12.32.43_veh-28_02111_02342,2021.09.15.12.32.43_veh-28,3733385,a45ab6311d793349a468bc6d93adf820b4f30164d4559164e2d1df8f86a626ed,462,33,33,0,0,20,12,1,33,13,stage2:train,5,5
2021.09.15.13.16.40_veh-28_00088_00157,2021.09.15.13.16.40_veh-28,1056891,c4002c8e9dc9f635e674003f7a6cf43647cbb5c323e6dc0904eb729619255cd7,138,12,10,1,0,0,8,1,12,9,stage1:test,3,3
2021.09.15.13.16.40_veh-28_00180_00257,2021.09.15.13.16.40_veh-28,1289619,845e60722490947ff20fff0c1c8d2030e6e4bcc8e58549c8d378f52f884f1b1f,154,13,11,0,0,0,10,1,13,11,stage1:test,1,1
2021.09.15.13.16.40_veh-28_00366_00631,2021.09.15.13.16.40_veh-28,5908386,37894c43f55a49061ab3adee59fb1e7d6337e0b64480ea178ce131c9a975d698,530,98,38,1,0,0,33,4,98,37,stage1:test,15,15
2021.09.15.13.16.40_veh-28_00642_01267,2021.09.15.13.16.40_veh-28,13893698,65b66087978b48f1ac120d6c78455cd8fc5058071e376f34354f7cd518aed1f8,1250,217,90,1,0,0,71,18,217,89,stage1:test,31,31
2021.09.15.13.16.40_veh-28_01343_01432,2021.09.15.13.16.40_veh-28,1930157,704720bea0f3093eb6aac17e08eb74e2bb2a395e9be9a3e70db9af0c4e4a661e,178,50,13,1,0,0,8,4,50,12,stage1:test,5,5
2021.09.15.13.16.40_veh-28_01473_01612,2021.09.15.13.16.40_veh-28,3192573,6fe69d7952ec0ae68e1df9a9cd459c6384ad79a282c180dbee0d1219e38f8495,278,17,20,1,0,0,18,1,17,19,stage1:test,4,4
2021.09.15.13.16.40_veh-28_01817_01902,2021.09.15.13.16.40_veh-28,1295620,82780ea0aa878bdad8541409f1595f39c479cceac6316a1d8e019c49204862c5,170,28,13,1,0,0,9,3,28,12,stage1:test,3,3
2021.09.15.13.16.40_veh-28_02072_02166,2021.09.15.13.16.40_veh-28,1535349,7a66cdd84cffda26fda949c32850e4a564d287ce11a5e6c199dfa62c817b549c,188,22,14,1,0,0,11,2,22,13,stage1:test,4,4
2021.09.15.13.16.40_veh-28_02198_02321,2021.09.15.13.16.40_veh-28,2537169,5df04f4a4f4a5a4b23722718c714eab2ec003987c251ed122be571f9ca9ea345,246,17,18,1,0,0,16,1,17,17,stage1:test,3,3
2021.09.15.13.52.55_veh-39_00016_00122,2021.09.15.13.52.55_veh-39,2366265,b9e54ac76a1d5c832f37e46daa6c1f0c33a41c370490267ab9c49160a0e6d5d2,212,13,16,1,0,0,14,1,13,15,stage1:train,3,3
2021.09.15.13.52.55_veh-39_00134_00215,2021.09.15.13.52.55_veh-39,1566094,3d1ccf7e8d3f868a22fb27b3ac47cbd7ea7c7d088e19dbf449c815b39d7d88a4,162,16,12,1,0,0,11,0,16,11,stage1:train,3,3
2021.09.15.13.52.55_veh-39_00371_00631,2021.09.15.13.52.55_veh-39,4187505,db89ee16507d424a441dc5394337de2bad81ba2d540edd61d278bf3b4de132e1,520,108,38,1,0,0,27,10,108,37,stage1:train,19,19
2021.09.15.13.52.55_veh-39_00643_00807,2021.09.15.13.52.55_veh-39,2472695,554873f6d08830dbbc385862e14ea8bebe281ffd26cb02587a0e97f23efa706e,328,63,24,1,0,0,19,4,63,23,stage1:train,11,11
2021.09.15.13.52.55_veh-39_00818_01335,2021.09.15.13.52.55_veh-39,10898573,1cc004aed48d036f50aa853683cc2a437c0f8ce5ed8d0cbe6f048ea493ce220c,1034,140,74,1,0,0,63,10,140,73,stage1:train,24,24
2021.09.15.13.52.55_veh-39_01385_01446,2021.09.15.13.52.55_veh-39,1105602,52ca3ce8e091e7743e1e524c366daa876980adc19aef9d8af453fc9acc032b19,122,6,9,1,0,0,7,1,6,8,stage1:train,1,1
2021.09.15.14.00.15_veh-28_00288_00408,2021.09.15.14.00.15_veh-28,1183692,a4898e0d3daa3bf8d882e2297128fc97264a8fd9276a733cddb8778f2dfcd380,240,20,18,1,0,0,16,1,20,17,stage2:train,4,4
2021.09.15.14.00.15_veh-28_00420_00578,2021.09.15.14.00.15_veh-28,2591532,4a84bb862cd5620fb41d1901633a6ed3c434dc58648c9a2d9cf20aa347af1fd3,316,41,23,1,0,0,18,4,41,22,stage2:train,9,9
2021.09.15.14.00.15_veh-28_00770_00852,2021.09.15.14.00.15_veh-28,1562101,e3ba6f59dc62d2eb72dae93133857db344e202d367e0f8033eda4c854a9200a9,164,22,12,1,0,0,9,2,22,11,stage2:train,4,4
2021.09.15.14.00.15_veh-28_00895_00981,2021.09.15.14.00.15_veh-28,1204348,70fae1cc667327ce38d87ff6a8f39930d286a3a76debd8e9d7a62ca5fe5f8604,172,30,13,1,0,0,11,1,30,12,stage2:train,5,5
2021.09.15.14.00.15_veh-28_01274_01543,2021.09.15.14.00.15_veh-28,7339693,12accf09927eb743ac72b337848b861d637a59f1cae130a80a8b47fe98d0c6f4,538,121,39,1,0,0,33,5,121,38,stage2:train,20,20
2021.09.15.14.00.15_veh-28_01611_01874,2021.09.15.14.00.15_veh-28,6359228,937ea248fcbd83f9c7082884ef66c23f9566be45ec1cc6cbe76515a6673972aa,526,92,38,1,0,0,29,8,92,37,stage2:train,14,14
2021.09.15.14.00.15_veh-28_01953_02255,2021.09.15.14.00.15_veh-28,4602679,b7c704d58f20788d34d6b7caa700760e89a3c805446ee6cd821a549e8020f08c,604,73,44,1,0,0,39,4,73,43,stage2:train,9,9
2021.09.15.14.27.22_veh-39_00038_00414,2021.09.15.14.27.22_veh-39,4898036,4ee115472cb75da25af6c551e6b3eb515a2f1b4e1e5b3d95bbe56d46a001e29b,752,71,54,1,0,0,50,3,71,53,stage1:audit,13,13
2021.09.15.14.27.22_veh-39_00473_00568,2021.09.15.14.27.22_veh-39,1281582,fe403cb7fa773527cace7dce03e2bf5b81ed0f77ff5dea25cf4c0f1b86e0145e,190,30,14,1,0,0,12,1,30,13,stage1:audit,5,5
2021.09.15.14.27.22_veh-39_00580_00654,2021.09.15.14.27.22_veh-39,1225734,38444ccd10fc17d3812e305185724e2e18ebdc20dadf71de145c991fd250224d,148,12,11,1,0,0,10,0,12,10,stage1:audit,3,3
2021.09.15.14.27.22_veh-39_00665_00745,2021.09.15.14.27.22_veh-39,1083640,a7f00ecfc172c3f1bb93f3d42e306ddac6fe9b7ee1a5e4e3e6eec865fbe476fe,160,21,12,1,0,0,10,1,21,11,stage1:audit,3,3
2021.09.15.14.27.22_veh-39_00756_00838,2021.09.15.14.27.22_veh-39,1244260,82845f8a3c7fb506ff90fbf5fdabde5cc97d4dcff1002415c5abb5fbf2ae792d,164,7,12,1,0,0,11,0,7,11,stage1:audit,1,1
2021.09.15.14.27.22_veh-39_00868_01125,2021.09.15.14.27.22_veh-39,6396005,e913631ee9dad732250ab8179975f6298c074bf663804d23d505dba3f149840e,514,99,37,1,0,0,30,6,99,36,stage1:audit,13,13
2021.09.15.14.27.22_veh-39_01166_01252,2021.09.15.14.27.22_veh-39,1781978,edb44846b02356a3406c12bb4c0d2d4ad4b08342499e5b4e197adc3b8c12e9f4,172,20,13,1,0,0,11,1,20,12,stage1:audit,3,3
2021.09.15.14.27.22_veh-39_01281_01346,2021.09.15.14.27.22_veh-39,1529454,8c44b316972f4af1a1a6ad2e3d5c5efc6497e84de4070d6415a38a1f4a557102,130,30,10,1,0,0,9,0,30,9,stage1:audit,6,6
2021.09.15.14.27.22_veh-39_01420_01480,2021.09.15.14.27.22_veh-39,1048910,8e59b387cb5d4d9b5a4639847c61232fba586067d14e3d1b6b6618cd46c758f8,120,17,9,1,0,0,7,1,17,8,stage1:audit,2,2
2021.09.15.14.27.22_veh-39_01491_01763,2021.09.15.14.27.22_veh-39,3895439,34a970b3b9e3d64b6d06972627dc73821a293412c5e451d32292692e3b120c6c,544,106,39,1,0,0,30,8,106,38,stage1:audit,15,15
2021.09.15.14.50.05_veh-28_00083_00152,2021.09.15.14.50.05_veh-28,1104254,9cac65181697c55a01c33a0eb67cc3a04bf5669bd5492a0cd55e28aedf26fadc,138,24,10,1,0,0,8,1,24,9,stage1:train,4,4
2021.09.15.14.50.05_veh-28_00182_00253,2021.09.15.14.50.05_veh-28,988026,fd0e68f554f815b622cd2663b988900755f411a2fc2c4a7e299286e6c0963cab,142,16,11,1,0,0,9,1,16,10,stage1:train,4,4
2021.09.15.14.50.05_veh-28_00389_00508,2021.09.15.14.50.05_veh-28,3448583,a71c5b8d8d63ba9856846f249ac2b798bdce9dc23bf59ce9cd96c8183c7bb860,238,43,17,0,0,0,15,2,43,17,stage1:train,7,7
2021.09.15.14.50.05_veh-28_00578_00896,2021.09.15.14.50.05_veh-28,6091454,1524bb823a80725ae550c01f6f91bc63c71d6756faba958684bdd03b6c5a4ce0,636,100,46,1,0,0,37,8,100,45,stage1:train,17,17
2021.09.15.14.50.05_veh-28_01187_01281,2021.09.15.14.50.05_veh-28,1415893,c8cbad1dee8570cd669d6a461b7d1f0117ea5d7a314bd494979fd1609840ce70,188,40,14,1,0,0,11,2,40,13,stage1:train,4,4
2021.09.15.14.50.05_veh-28_01392_01458,2021.09.15.14.50.05_veh-28,890971,8c3cbc82cc193f484eac9ab8cd643eb20074979e3ca5997ed368b5f7f997ed69,132,11,10,1,0,0,8,1,11,9,stage1:train,2,2
2021.09.15.14.50.05_veh-28_01511_01690,2021.09.15.14.50.05_veh-28,2562108,7ce289f2b09456b574507916abfb67a8497c5dbadb9e4c992f7aa73ae338ca56,358,59,26,1,0,0,20,5,59,25,stage1:train,10,10
2021.09.15.14.50.05_veh-28_01740_01833,2021.09.15.14.50.05_veh-28,1767313,e6d518312e3d2c181ef3d254eb31a846c9aa1aba6ac40a4c379710a955dbaccd,186,12,14,1,0,0,13,0,12,13,stage1:train,2,2
2021.09.15.14.50.05_veh-28_02133_02222,2021.09.15.14.50.05_veh-28,1952562,6efba5bdd4ed656c45a0ef4b8cff49d439bd5a6970fb97af257378a580eca89b,178,28,13,1,0,8,2,2,28,4,stage1:train,3,3
2021.09.15.15.02.19_veh-39_00105_00203,2021.09.15.15.02.19_veh-39,1675344,5abddc813d1951831c3ee53fb2d6d5fcd9441b2b99c79d4d319428603f7fb165,196,20,14,0,0,0,13,1,20,14,stage1:train,3,3
2021.09.15.15.02.19_veh-39_00214_00558,2021.09.15.15.02.19_veh-39,6810471,8f6b0fea57362b74ab0f287fcb4f32b5ac2b5c583d8a67f286e37aaff6866b51,688,102,50,1,0,0,40,9,102,49,stage1:train,16,16
2021.09.15.15.02.19_veh-39_00856_01095,2021.09.15.15.02.19_veh-39,3674887,8eb1e8b7a0ca1e12f1849a422ba3d24d708c2b0d5d017d143768ac0c160bc4c7,478,67,35,1,0,0,29,5,67,34,stage1:train,13,13
2021.09.15.15.02.19_veh-39_01107_01666,2021.09.15.15.02.19_veh-39,11432175,a16abab4a4b9c66f2b64f22f7e2acadb5e8f9bf47f18ad5f9d308ed1a43fb811,1118,236,80,1,0,0,63,16,236,79,stage1:train,33,33
2021.09.15.15.34.53_veh-28_00030_00128,2021.09.15.15.34.53_veh-28,2617218,9e6723a44444bfba99d9b13fd968db4395bb76bfcb3beff660925727cbf494cd,196,39,14,0,0,0,10,4,39,14,stage1:test,5,5
2021.09.15.15.34.53_veh-28_00365_00501,2021.09.15.15.34.53_veh-28,1594303,ffdf377ffe01eca0d296e7c22a921dd9bf90e7ab4c743ad009291b50a84fe380,272,39,20,1,0,0,15,4,39,19,stage1:test,8,8
2021.09.15.15.34.53_veh-28_00512_01084,2021.09.15.15.34.53_veh-28,12840264,d988d17422357ac468a7738cedfd3dffa0a8e80b7a9645c7e1ce6f8ae4a99952,1144,168,82,1,0,0,71,10,168,81,stage1:test,31,31
2021.09.15.15.34.53_veh-28_01133_01234,2021.09.15.15.34.53_veh-28,2102081,ffd37800f473d4b70af8b9d8d554c23328cd4a84449f3f7776c881c26ca5a3f1,202,45,15,1,0,0,12,2,45,14,stage1:test,6,6
2021.09.15.15.34.53_veh-28_01303_01395,2021.09.15.15.34.53_veh-28,1181523,e5628f880942d3f5cca28315868c8035d21b2795634f74d9cc8cde0c6733d930,184,27,14,1,0,0,10,3,27,13,stage1:test,4,4
2021.09.15.15.34.53_veh-28_01533_01596,2021.09.15.15.34.53_veh-28,749631,1795e113879794928e14ff372e522c31f3638ec92a252b5b3f3cd8b3816feb2b,126,14,9,0,0,0,8,1,14,9,stage1:test,4,4
2021.09.15.15.34.53_veh-28_01639_01805,2021.09.15.15.34.53_veh-28,4106976,57078171f2f44e7a2abf0b06728eaa4cd98c7340243c78d4013d770594a42cc5,332,90,24,1,0,0,14,9,90,23,stage1:test,13,13
2021.09.15.15.34.53_veh-28_01820_02314,2021.09.15.15.34.53_veh-28,12703681,b7ec12a0ea9d66e71b2fb8314be0f5be2e54763ddd92fdeabef1cb4ffb9c1a7b,988,198,71,1,0,1,56,13,198,69,stage1:test,28,28
2021.09.15.16.51.15_veh-28_00005_00160,2021.09.15.16.51.15_veh-28,2045530,dd192c50a349f347ff686bf7eaba6e953925d251d75d4b178331fb87856eb211,310,48,23,1,0,0,19,3,48,22,stage3:audit,7,7
2021.09.15.16.51.15_veh-28_00176_00329,2021.09.15.16.51.15_veh-28,3830961,3447c921c426b2170394b5195ca29b3b56c1c2773a2a2caa8210a4eb7d3d4ad3,306,86,22,1,0,0,15,6,86,21,stage3:audit,12,12
2021.09.15.16.51.15_veh-28_01225_01302,2021.09.15.16.51.15_veh-28,1824221,030326c741ca077c795391883479f4eb4cd21da25470b86337d6241264f34098,154,39,11,0,0,0,8,3,39,11,stage3:audit,5,5
2021.09.15.16.51.15_veh-28_01468_01533,2021.09.15.16.51.15_veh-28,1087603,cdc62d499ab354aeca221515a3272e2312683a20d666968bcee9fb97aba7f6f6,130,18,10,1,0,0,7,2,18,9,stage3:audit,4,4
2021.09.15.16.51.15_veh-28_01698_01775,2021.09.15.16.51.15_veh-28,1796502,3e5644f7515d04c9e22d09c78dbca462697ff08d28cc279a720fe0e3f56035c4,154,17,11,0,0,2,8,1,17,9,stage3:audit,2,2
2021.10.01.13.28.54_veh-28_00094_00181,2021.10.01.13.28.54_veh-28,1786042,51fbc177117d32727fcff45ac67491fe52a02da521e499ef137fed0cec29cbeb,174,14,13,1,0,0,10,2,14,12,stage2:audit,2,2
2021.10.01.13.28.54_veh-28_00405_00547,2021.10.01.13.28.54_veh-28,2429563,f4576d235e38ab7ff03b63f24ede813b500672138cfacd166f193d836a75fdb2,284,67,21,1,0,0,14,6,67,20,stage2:audit,11,11
2021.10.01.13.28.54_veh-28_00607_00973,2021.10.01.13.28.54_veh-28,6085465,6ee6d134067cc1fd3d782e776d14be59a17602d9ea8d8990c03a22b5dff33c87,732,68,53,1,0,0,47,5,68,52,stage2:audit,12,12
2021.10.01.13.28.54_veh-28_00995_01087,2021.10.01.13.28.54_veh-28,1869016,6347ea52af2f49222ed94a857ecf1097f302906952bb2e3fb414a77dd77ce2e5,184,31,14,1,0,0,10,3,31,13,stage2:audit,4,4
2021.10.01.13.28.54_veh-28_01098_01337,2021.10.01.13.28.54_veh-28,6831274,cc576fcc11c85fe414bdd76210b6cdf19cd06fbf1b96ebdf2b20cd41ef4d4b94,478,128,35,1,0,0,20,14,128,34,stage2:audit,19,19
2021.10.01.13.28.54_veh-28_01421_01615,2021.10.01.13.28.54_veh-28,4982530,875d118ed72ffa3b68fad2eef86c68e6445b463b01f60191f63c1387c40531e0,388,32,28,1,0,0,24,3,32,27,stage2:audit,7,7
2021.10.01.13.28.54_veh-28_01767_01883,2021.10.01.13.28.54_veh-28,2186856,aba6631e9a48b5dd3ae470e7fbc619558aac1edf1e13e0405563bedc24442f21,232,51,17,1,0,0,13,3,51,16,stage2:audit,5,5
2021.10.01.15.32.11_veh-28_00025_00097,2021.10.01.15.32.11_veh-28,937419,7fad165463a593be5cf4a02365e00e30cbe5409c0892b8af5666638a0cc086d8,144,21,11,1,0,0,8,2,21,10,stage1:test,3,3
2021.10.01.15.32.11_veh-28_00120_00248,2021.10.01.15.32.11_veh-28,2201490,0ba0e8ada737443e8197e393e84bff1c74415811c2f7c8cbf2de4ca431788203,256,60,19,1,0,0,11,7,60,18,stage1:test,9,9
2021.10.01.15.32.11_veh-28_00291_00464,2021.10.01.15.32.11_veh-28,2868585,922806263bffca4363e8a21f360b99e9eed7ab14f1641886e5fbe55489fac13e,345,45,25,1,0,0,20,4,45,24,stage1:test,6,6
2021.10.01.15.32.11_veh-28_00475_00930,2021.10.01.15.32.11_veh-28,11775534,04e7367446d6f22bd76144841ab34e9de4d70ad9fda67db4b9c7b4be7703b6d6,910,133,65,0,0,0,58,7,133,65,stage1:test,24,24
2021.10.01.15.32.11_veh-28_01000_01136,2021.10.01.15.32.11_veh-28,5150985,583044cca040f09583a77558a38284962677f916f22e98f518307403b9e821de,272,57,20,1,0,0,13,6,57,19,stage1:test,9,9
2021.10.01.15.32.11_veh-28_01178_01392,2021.10.01.15.32.11_veh-28,4422454,a64fdf29bc9bff20583ef56b56b53a94e1065c3ef77e44b389b3dbdcca7021d1,428,85,31,1,0,4,20,6,85,26,stage1:test,11,11
2021.10.01.17.52.06_veh-28_00098_00211,2021.10.01.17.52.06_veh-28,2452479,63f9f77b5175892beb1556a035174d44d222d2850a523ebac716b54451017f8e,226,45,17,1,0,0,10,6,45,16,stage3:train,9,9
2021.10.01.17.52.06_veh-28_00327_00427,2021.10.01.17.52.06_veh-28,2842477,c6cbbb975ae79b322c40dec60a0d2c8d6448a28dee126dc3fc57abafff8f1e59,200,41,15,1,0,0,10,4,41,14,stage3:train,6,6
2021.10.01.17.52.06_veh-28_00450_00599,2021.10.01.17.52.06_veh-28,3451339,f43bdfd9bc487bd7cfa1691273e890d7eeeaf1f486f23e7bd96423143c5fbd72,298,40,22,1,0,0,18,3,40,21,stage3:train,6,6
2021.10.01.17.52.06_veh-28_00675_00737,2021.10.01.17.52.06_veh-28,811818,81a1f540af7954b7d0eeb6c7dd05fde087db213184535666f60bfc9847929a18,124,28,9,1,0,0,8,0,28,8,stage3:train,3,3
2021.10.01.17.52.06_veh-28_00748_00952,2021.10.01.17.52.06_veh-28,3452219,fa7c25fb8de326804dfd7d9f04b1e6ad2a482b12699f582250ae8360cda74358,408,79,30,1,0,0,22,7,79,29,stage3:train,12,12
2021.10.01.17.52.06_veh-28_01034_01107,2021.10.01.17.52.06_veh-28,1564879,b33cda0f131867b7836da64c60dd4a6e10b353bf3920723e695baaf0aa50dd03,146,30,11,1,0,0,7,3,30,10,stage3:train,3,3
2021.10.01.17.52.06_veh-28_01141_01264,2021.10.01.17.52.06_veh-28,1746141,a47a8ddbec4781a7836579ed18de488b14127adb31267b2f2a6b9dc539747a14,246,28,18,1,0,0,16,1,28,17,stage3:train,4,4
2021.10.01.17.52.06_veh-28_01289_01353,2021.10.01.17.52.06_veh-28,619072,93326f443a46d0480b4751200587dc21011d552602eb76a8f356973c9ed2e9f6,128,11,10,1,0,0,8,1,11,9,stage3:train,2,2
2021.10.01.17.52.06_veh-28_01364_01428,2021.10.01.17.52.06_veh-28,1052738,a39d13bde576cba7038ccd8d78583a5008adf3c09e0f6aa3545d0c61f086195b,128,25,10,1,0,0,7,2,25,9,stage3:train,4,4
2021.10.01.17.52.06_veh-28_01441_01573,2021.10.01.17.52.06_veh-28,3395967,6469b663b237bd268ea2a089d1606b661dc1374b1b2462b5958c2b6930d97dc7,264,77,19,1,0,0,11,7,77,18,stage3:train,11,11
2021.10.01.17.52.06_veh-28_01622_01687,2021.10.01.17.52.06_veh-28,2020921,eb2a5f824b59e5aae0bb5830e01c3163eaa4c284464dc41b99f8f2b398195c75,130,44,10,1,0,1,4,4,44,8,stage3:train,6,6
2021.10.01.18.26.05_veh-28_00005_00413,2021.10.01.18.26.05_veh-28,8687715,6964b297be6d3edae67e5739dee8b4278330ec1971a56b24493d25b213e2c61d,816,84,59,1,0,0,52,6,84,58,stage2:train,14,14
2021.10.01.18.26.05_veh-28_00949_01041,2021.10.01.18.26.05_veh-28,1347659,2906cdb36875bbf76e133fd2e71a89f422c5d89ca5cbc53bea6e729d9fcf74dc,184,15,14,1,0,0,12,1,15,13,stage2:train,2,2
2021.10.01.18.26.05_veh-28_01081_01159,2021.10.01.18.26.05_veh-28,1795937,8b33290b1df48d8f339b10a28e85d18d441b21812d5ace43b11c28b81dc750c9,156,55,12,1,0,0,9,2,55,11,stage2:train,7,7
2021.10.01.18.26.05_veh-28_01211_01323,2021.10.01.18.26.05_veh-28,2383102,80e3b8b5f1a7760b1f2bd4f88c295da93d93256158210deb54e432b6a993e835,224,23,16,0,0,0,14,2,23,16,stage2:train,4,4
2021.10.01.18.26.05_veh-28_01689_01890,2021.10.01.18.26.05_veh-28,3699946,98f9bd83328c3f161107b33018a35661c2705e33eb59ebe4049b7ae678c16b8b,402,62,29,1,0,1,22,5,62,27,stage2:train,8,8
2021.10.01.19.16.42_veh-28_00094_00216,2021.10.01.19.16.42_veh-28,1547097,f58ecd0b75eb1b35967ab1bae07fcdc01e27940d226995dae2988760ac72c7b4,244,31,18,1,0,0,13,4,31,17,stage1:test,5,5
2021.10.01.19.16.42_veh-28_00274_00380,2021.10.01.19.16.42_veh-28,1466375,9c98f189b6aa7d42b7b7c425dbc22fdc1b2ae25930aee61b565cd351b675656d,212,52,16,1,0,0,9,6,52,15,stage1:test,7,7
2021.10.01.19.16.42_veh-28_00392_00906,2021.10.01.19.16.42_veh-28,13383952,f94122b4dd6927ab2b3810e40c7a56e3769db5e4ad6da6e16643a8a78df8c59c,1028,179,74,1,0,0,59,14,179,73,stage1:test,29,29
2021.10.01.19.16.42_veh-28_00917_01499,2021.10.01.19.16.42_veh-28,15929100,a52dc06700b73e9fc07262aeb12a5ae6767707778573067a8339dd4dcbf3518a,1164,161,84,1,0,0,71,12,161,83,stage1:test,26,26
2021.10.01.19.16.42_veh-28_01511_01624,2021.10.01.19.16.42_veh-28,1278152,581f093b3fce3d10b987c9622dce2048c6b78420b2c1b5b081d6783ddda85fcc,226,37,17,1,0,0,13,3,37,16,stage1:test,5,5
2021.10.01.19.16.42_veh-28_01731_01935,2021.10.01.19.16.42_veh-28,4574035,ee9245cd6c611d2457392f2ce1ff5d026b51505277f7e7da6531302918d629b0,408,83,30,1,0,0,21,8,83,29,stage1:test,14,14
2021.10.01.19.16.42_veh-28_02011_02410,2021.10.01.19.16.42_veh-28,11952929,fe9c18f0935c13aafa758bdab296154c3792385cdbf17056b96ef13d6841a680,798,117,57,0,0,0,51,6,117,57,stage1:test,20,20
2021.10.01.19.16.42_veh-28_02447_02517,2021.10.01.19.16.42_veh-28,1589599,50bf448666d5c3b0ea4899c8cc4e55abc27b90aebd774f65c7bd0ea5994c20fc,140,31,10,0,0,0,7,3,31,10,stage1:test,5,5
2021.10.01.19.16.42_veh-28_02568_02833,2021.10.01.19.16.42_veh-28,3907296,34bc17e48265b6d2e446be63557aac9462d9ab5bb919cafc898f089d836d287a,530,100,38,1,0,0,31,6,100,37,stage1:test,12,12
2021.10.01.19.16.42_veh-28_02903_03140,2021.10.01.19.16.42_veh-28,5140247,12c257574d93f7a6c9b5dfb2cc85ff40d7dd10760abf3a569ea09a35f2c365dd,474,45,34,1,0,0,32,1,45,33,stage1:test,8,8
2021.10.01.19.16.42_veh-28_03215_03296,2021.10.01.19.16.42_veh-28,2470901,b578fc5277d46d363ac0212db82643812da741e248167b6bf5cba91ec37bc021,162,15,12,1,0,0,10,1,15,11,stage1:test,2,2
2021.10.01.19.16.42_veh-28_03307_03808,2021.10.01.19.16.42_veh-28,12840016,acfed25097b1d375c084c7e47842ca0a9ef8ec6147951ef28e9c244b5a40d5c1,1002,171,72,1,0,0,57,14,171,71,stage1:test,22,22
2021.10.01.19.16.42_veh-28_03887_04040,2021.10.01.19.16.42_veh-28,2986751,3456e944886f44fdd31c46e80ecb1e47a4307b927aae7acc58a55b56f90b1441,306,75,22,1,0,2,17,2,75,19,stage1:test,10,10
2021.10.05.04.03.05_veh-50_00058_00321,2021.10.05.04.03.05_veh-50,3925677,33aa47984f56e152735514a64d507f6afd30f9e48a987cf6d25742a3c7de2bc6,526,89,38,1,0,0,28,9,89,37,stage2:test,14,14
2021.10.05.04.03.05_veh-50_00365_00493,2021.10.05.04.03.05_veh-50,1444502,f46b9da8ad8bc7dc8ec202abbec023efaa2d00ca8c7988d6f652163c6c9638d6,256,96,19,1,0,0,11,7,96,18,stage2:test,10,10
2021.10.05.04.03.05_veh-50_00536_00637,2021.10.05.04.03.05_veh-50,698647,a5aab7ad962c713bb0d7f64e2e983af0c656e92efff4876e619083c04de99a53,202,70,15,1,0,0,10,4,70,14,stage2:test,10,10
2021.10.05.04.03.05_veh-50_00648_00744,2021.10.05.04.03.05_veh-50,645044,26c3a23c76937e130b0fa0a44b535a62b847304d2edaba80ab8543dbc3c9666c,192,96,14,1,0,0,6,7,96,13,stage2:test,10,10
2021.10.05.04.03.05_veh-50_01003_01426,2021.10.05.04.03.05_veh-50,5221774,af2a4c55ba5efc4f0a95151905bd6b45bd4905db7e369b0544c459611b6566bf,846,102,61,1,0,0,53,7,102,60,stage2:test,18,18
2021.10.05.04.03.05_veh-50_01466_01790,2021.10.05.04.03.05_veh-50,2520292,11871d251ae3ac3324b4fcab87ed7a38c86b5f0c149c0ac07c2f8bf58dc9b3eb,648,243,47,1,0,1,24,21,243,45,stage2:test,28,28
2021.10.05.04.38.41_veh-50_00014_00429,2021.10.05.04.38.41_veh-50,4632862,dcb6d9a33c9b23cf081318e5848446be5e685e3d93c702883bed1b5e1aacb32e,830,266,60,1,0,0,39,20,266,59,stage2:train,30,30
2021.10.05.04.38.41_veh-50_00441_00515,2021.10.05.04.38.41_veh-50,505055,a4b95e9d97e4ddde2f5762941289b687f09dc220193197feb60c3267e00f21e2,148,45,11,1,0,0,7,3,45,10,stage2:train,4,4
2021.10.05.04.38.41_veh-50_00576_00721,2021.10.05.04.38.41_veh-50,1166537,54dd6205f5c62c796a5086c90c40dcb25663cf8b4866392cef7a1011c19c5919,290,68,21,1,0,0,16,4,68,20,stage2:train,9,9
2021.10.05.04.38.41_veh-50_00753_00956,2021.10.05.04.38.41_veh-50,1379223,ad7906f1b354a5d03070929696ddbc360b976fc1ee3a35d4c0103f564126a1c2,406,206,29,0,0,0,15,14,206,29,stage2:train,21,21
2021.10.05.04.38.41_veh-50_00996_01109,2021.10.05.04.38.41_veh-50,1272179,2832cd200b4db75d708b8dcc658e638c4764a7ed3ac52c309b11578e61399a0c,226,33,17,1,0,10,5,1,33,6,stage2:train,4,4
2021.10.05.06.24.06_veh-50_00021_00383,2021.10.05.06.24.06_veh-50,5118664,b25e86407cf21c75d620e9c4ff7816e06a511c95c3c7329e46c352214d0b89e8,724,151,52,1,0,0,43,8,151,51,stage2:train,21,21
2021.10.05.06.24.06_veh-50_00431_00527,2021.10.05.06.24.06_veh-50,818995,850c70f2f22f371a4abc547008437a25914ac4f0b001bfff484f3d0236916430,192,79,14,1,0,0,7,6,79,13,stage2:train,9,9
2021.10.05.06.24.06_veh-50_00717_01300,2021.10.05.06.24.06_veh-50,4998138,916523be15b805c5ec8020b46ab493ee3892a930484a82845e092f8a08165526,1166,252,84,1,0,0,62,21,252,83,stage2:train,34,34
2021.10.05.06.24.06_veh-50_01311_01409,2021.10.05.06.24.06_veh-50,727823,cbadd30a643acd0c7197ff8636f1c03d81de02777b8cfcc6ce8612366a9f155c,196,82,14,0,0,0,8,6,82,14,stage2:train,9,9
2021.10.05.06.24.06_veh-50_01420_01553,2021.10.05.06.24.06_veh-50,1642025,f6607905f8c3a8cbd5cc2af6f24dfe1d2aafd9e64941038bb60c33186d925d4e,266,88,19,0,0,0,14,5,88,19,stage2:train,14,14
2021.10.05.06.24.06_veh-50_01566_01672,2021.10.05.06.24.06_veh-50,851789,6e8f18327be781bd0ce004e7190464f62a2921db8b3dd52cf7af84e974d44fe2,212,78,16,1,0,0,9,6,78,15,stage2:train,11,11
2021.10.05.06.31.40_veh-52_00005_00342,2021.10.05.06.31.40_veh-52,3778471,f51314e0324a7a253ed8a475434caa95feaa9d06b9f1d6ac96a72ec5463e2702,674,105,49,1,0,0,42,6,105,48,stage2:train,15,15
2021.10.05.06.31.40_veh-52_00355_00454,2021.10.05.06.31.40_veh-52,1115623,2eafe37c8af0b727bb20bc87e038f353785a7460559fb60efad95cdb32d83034,198,15,15,1,0,0,12,2,15,14,stage2:train,3,3
2021.10.05.06.31.40_veh-52_00465_00713,2021.10.05.06.31.40_veh-52,2212815,54fa609fded5b2c4889b8d654b2087fb6fd13630e33895a6a208e845866fc556,496,96,36,1,0,0,28,7,96,35,stage2:train,12,12
2021.10.05.06.31.40_veh-52_00734_01305,2021.10.05.06.31.40_veh-52,5182413,94c41dc783fac4d0942a25286f95a363172790c2878ddf27e1bc52e6e1340097,1142,284,82,1,0,0,59,22,284,81,stage2:train,41,41
2021.10.05.06.31.40_veh-52_01316_01565,2021.10.05.06.31.40_veh-52,2165773,0ee460ff49bc808037b9d83079bd28f9608bd9d17bf447d8ddc5d192ecf9ed95,498,167,36,1,0,0,20,15,167,35,stage2:train,19,19
2021.10.05.06.31.40_veh-52_01598_02013,2021.10.05.06.31.40_veh-52,3377269,79167997ebadbe5e0ad5e8adb598d1cdd1f6bce57693c6d01e10df225255e202,830,293,60,1,0,0,37,22,293,59,stage2:train,31,31
2021.10.05.06.57.40_veh-50_00025_00261,2021.10.05.06.57.40_veh-50,2552962,19fe7e0864996fd6a2fe25e88eab131f5b54f5b92175274c4c384ed332077ea6,472,89,34,1,0,0,26,7,89,33,stage2:train,13,13
2021.10.05.06.57.40_veh-50_00485_00624,2021.10.05.06.57.40_veh-50,1114057,439f2c03506192c04aaeeea788bf4aaa6c29a38300fe2531662e234209e52910,278,55,20,1,0,0,14,5,55,19,stage2:train,9,9
2021.10.05.06.57.40_veh-50_00665_00857,2021.10.05.06.57.40_veh-50,1410638,b9373f100d50dab6519604f547fa96a8a920e9ce3cb44c514cb6f2665375a4f0,384,169,28,1,0,0,16,11,169,27,stage2:train,19,19
2021.10.05.06.57.40_veh-50_00940_01105,2021.10.05.06.57.40_veh-50,1368191,027e6cf808d5ce5db3160eb535dfede782468368f44c4a82597b3a490a474dfd,329,72,24,1,0,0,17,6,72,23,stage2:train,7,7
2021.10.05.06.57.40_veh-50_01131_01452,2021.10.05.06.57.40_veh-50,2571899,0e47142f3708d774429bb1be014a84575b7bfb79c15056e70653f4a2de64bfad,642,221,46,1,0,0,28,17,221,45,stage2:train,28,28
2021.10.05.06.57.40_veh-50_01493_01624,2021.10.05.06.57.40_veh-50,947952,f5084ea4f94197c7655e08f97fd1584276744bdb5db0f102a6cc0341d80e3f28,262,107,19,1,0,0,10,8,107,18,stage2:train,13,13
2021.10.05.06.57.40_veh-50_01658_01796,2021.10.05.06.57.40_veh-50,950919,9a84f8dd00479405cd0de556b5d1c2f58f09e580a7128cf549a398489ef63644,276,49,20,1,0,1,15,3,49,18,stage2:train,6,6
2021.10.05.07.10.04_veh-52_00252_00406,2021.10.05.07.10.04_veh-52,1360904,abea300f2699e571ffe4eff9b8068d9127111deba388c77c2154f4dd507d1534,307,47,22,1,0,0,17,4,47,21,stage2:train,7,7
2021.10.05.07.10.04_veh-52_00418_00563,2021.10.05.07.10.04_veh-52,1730886,3b48014d5ea421076d1021a51abb13224d0962775639743170f780097b160490,290,51,21,1,0,0,16,4,51,20,stage2:train,7,7
2021.10.05.07.10.04_veh-52_00596_00663,2021.10.05.07.10.04_veh-52,438419,4fa295bf01bb6b966385161ce5aa1ba7921f492fbf6e6280901dc448cf4e0289,134,33,10,1,0,0,6,3,33,9,stage2:train,7,7
2021.10.05.07.10.04_veh-52_00689_01322,2021.10.05.07.10.04_veh-52,6199857,788489eab6d3cb97f3d1b2c1c956bcd24fbf8fc54be4fca7bdf41fa1a511c2e6,1266,369,91,1,0,0,63,27,369,90,stage2:train,48,48
2021.10.05.07.10.04_veh-52_01442_01802,2021.10.05.07.10.04_veh-52,2609264,49c36a2dbc2e0b936d28b190f43811053132443d25ee27b1b38bd1ad66b7b0ec,720,284,52,1,0,0,30,21,284,51,stage2:train,33,33
2021.10.05.07.38.12_veh-50_00132_00234,2021.10.05.07.38.12_veh-50,780196,ad0d0a925ee760f606827ec434d4e8762d1e43dd5f6402eba61bd14ea1f01327,204,68,15,1,0,0,10,4,68,14,stage2:train,8,8
2021.10.05.07.38.12_veh-50_00245_00433,2021.10.05.07.38.12_veh-50,1941212,ee9a40fff58d7127c3f227aec6a99290ffc3959a11fb9dbcfe1ed7b46408acb7,376,102,27,1,0,0,22,4,102,26,stage2:train,14,14
2021.10.05.07.38.12_veh-50_00898_01058,2021.10.05.07.38.12_veh-50,1652930,f69527a9c16765ecaf78cce008f3bf509770173bd19ce1db095733362aa263d6,320,91,23,1,0,0,16,6,91,22,stage2:train,12,12
2021.10.05.07.38.12_veh-50_01085_01463,2021.10.05.07.38.12_veh-50,2995753,3aec6243f8b9586ba620a771a8fe15056aece427fd9e8aa2d01157af89ccc095,756,381,54,0,0,0,23,31,381,54,stage2:train,38,38
2021.10.05.07.38.12_veh-50_01477_01565,2021.10.05.07.38.12_veh-50,713854,1f18d7efaf878dd6261c4ee33398b8fd6feef4b2bdb079878349b3483d9b8e20,176,94,13,1,0,0,5,7,94,12,stage2:train,9,9
2021.10.05.07.49.39_veh-52_00563_00680,2021.10.05.07.49.39_veh-52,874173,8a89a7a013b6d7dfd0e34d1a0dddb7674a6c266b10387c3c3bd149b9b5e09fb5,234,94,17,1,0,0,8,8,94,16,stage2:test,11,11
2021.10.05.07.49.39_veh-52_00770_00905,2021.10.05.07.49.39_veh-52,1697105,8933cffe1d769f1d9648e4b911815fada7cb4b2dc3787d535e931e7082b2a03d,270,81,20,1,0,0,12,7,81,19,stage2:test,10,10
2021.10.05.07.49.39_veh-52_00934_01406,2021.10.05.07.49.39_veh-52,4840271,d75249aa6f84a15392519b7052c3f310b133db9f0bdc4d7deeeefcf327eb6fcf,944,303,68,1,0,0,44,23,303,67,stage2:test,36,36
2021.10.05.07.49.39_veh-52_01417_01574,2021.10.05.07.49.39_veh-52,1411271,57b9011b892a4e1fcf0176d31efa69bbf25e0d5d7bcd2d1bb8085672baee6ad0,314,69,23,1,0,0,16,6,69,22,stage2:test,11,11
2021.10.05.08.11.15_veh-50_00163_00321,2021.10.05.08.11.15_veh-50,1367159,f44feb379ca93d1af0fd9bace998bcd376887717baf961a93de334e763cbf885,316,145,23,1,0,0,10,12,145,22,stage2:train,14,14
2021.10.05.08.11.15_veh-50_00360_00426,2021.10.05.08.11.15_veh-50,584257,7e27ac3260a5fc9427d0392aa50ede2e5937692f0b16b9dd5f3f2abdbf33b319,132,43,10,1,0,0,5,4,43,9,stage2:train,6,6
2021.10.05.08.11.15_veh-50_00437_00585,2021.10.05.08.11.15_veh-50,1185614,4836b36db5ad35ea52afc1e2b96dde0078187691138007375f30912f6d5028f0,296,74,22,1,0,0,16,5,74,21,stage2:train,10,10
2021.10.05.08.11.15_veh-50_00710_00903,2021.10.05.08.11.15_veh-50,2715154,bf23c9dcd84b793606e8893f04bb81adf9d534b2ed122a1bfd3bb84c0c2fa936,386,63,28,1,0,0,22,5,63,27,stage2:train,8,8
2021.10.05.08.11.15_veh-50_00970_01211,2021.10.05.08.11.15_veh-50,2552393,331eb35f5a8254bb6f963cb9346f691b1eb3c3b48feee118df660c742a42bb67,482,175,35,1,0,0,21,13,175,34,stage2:train,19,19
2021.10.05.08.11.15_veh-50_01222_01462,2021.10.05.08.11.15_veh-50,2029885,38b8bc00d091686a5a6f02a9f018ed36fbdaaa8f0239cabc2021cacbf15d0d03,480,112,35,1,0,0,23,11,112,34,stage2:train,16,16
2021.10.05.08.11.15_veh-50_01566_01801,2021.10.05.08.11.15_veh-50,2803174,967a3da738eddafa35a8480fa6a0e277e0b3fd8e8aefd80eedcb481f2fddba8a,470,171,34,1,0,0,23,10,171,33,stage2:train,21,21
2021.10.06.13.21.47_veh-28_00016_00086,2021.10.06.13.21.47_veh-28,829531,8e65e984febb47ac45bb65bd126ebb2785b1b734c5c8d07683f0fa43690ad413,140,16,10,0,0,0,9,1,16,10,stage1:train,5,5
2021.10.06.13.21.47_veh-28_00139_00216,2021.10.06.13.21.47_veh-28,1513761,1ec0fb05b1465862a29f9fd141ee8e1463f521087e2674c17be72c0a02d29a91,154,45,11,0,0,0,8,3,45,11,stage1:train,6,6
2021.10.06.13.21.47_veh-28_00262_00334,2021.10.06.13.21.47_veh-28,1191202,03fe06a5542bef9ff0a417972381d6685e25383ee2bf0582300a11ceb05bf686,144,22,11,1,0,0,10,0,22,10,stage1:train,3,3
2021.10.06.13.21.47_veh-28_00441_00515,2021.10.06.13.21.47_veh-28,1432754,eaaa07782426e8294cbe556db924c5bc9f7a57ce4e7995d8599b3328447942f5,148,23,11,1,0,0,8,2,23,10,stage1:train,4,4
2021.10.06.13.21.47_veh-28_00692_00815,2021.10.06.13.21.47_veh-28,2666427,4a5610b2e2d05b6ef5f50268f83d7ab00b20ea8f184ef949b082722e09015527,246,42,18,1,0,0,14,3,42,17,stage1:train,5,5
2021.10.06.13.21.47_veh-28_01002_01116,2021.10.06.13.21.47_veh-28,1855844,0d2c667c4bcebaf910a4c667d2acadfc4457a6b75b26e7678ac2b7c1bf39a475,228,25,17,1,0,0,13,3,25,16,stage1:train,4,4
2021.10.06.13.21.47_veh-28_01127_01187,2021.10.06.13.21.47_veh-28,1101581,70a431e36e8a6784d32d186a0b9c0efb4e225bb48691588d57b3241ece681c9d,120,19,9,1,0,0,5,3,19,8,stage1:train,3,3
2021.10.06.13.21.47_veh-28_01198_01616,2021.10.06.13.21.47_veh-28,8070848,f81f7c46f70167ba9406a50cf97aae161a96b30517e0db404bd7d154e22a4e8e,836,85,60,1,0,0,54,5,85,59,stage1:train,14,14
2021.10.06.13.21.47_veh-28_01648_01722,2021.10.06.13.21.47_veh-28,1687643,75a20f8185e4dc43cbbb62b526fb296e43ad2d255e1e0285a6ec13046b212553,148,18,11,1,0,0,9,1,18,10,stage1:train,3,3
2021.10.06.13.21.47_veh-28_01755_01829,2021.10.06.13.21.47_veh-28,1139807,980e30709a3790eb1036337db852472163770bd2ff2aec36e88947573349f52b,148,38,11,1,0,0,9,1,38,10,stage1:train,5,5
2021.10.06.14.31.13_veh-28_00014_00079,2021.10.06.14.31.13_veh-28,1045840,37b48eead0c1ec50b54cfa29c75518067ea21d409a2d605f85c0b5338335e243,130,5,10,1,0,0,8,1,5,9,stage1:train,2,2
2021.10.06.14.31.13_veh-28_00223_00350,2021.10.06.14.31.13_veh-28,1963268,5de5c60fab9bca536e95131eca8d00d41b8e225493738a84c217e28bc838e31e,254,41,19,1,0,0,15,3,41,18,stage1:train,6,6
2021.10.06.14.31.13_veh-28_00362_00475,2021.10.06.14.31.13_veh-28,1503583,515a8209e3b90037d32b8733b7f328a5d3aba9e80ab248bee7ca3f55ad10f42b,226,26,17,1,0,0,14,2,26,16,stage1:train,5,5
2021.10.06.14.31.13_veh-28_00589_00665,2021.10.06.14.31.13_veh-28,1474052,54437bf0d3282128ee9c7d769fe3fd2c6894e565d1b61cc3a79b2a87e4f2cf8f,152,42,11,1,0,0,7,3,42,10,stage1:train,5,5
2021.10.06.14.31.13_veh-28_00738_00908,2021.10.06.14.31.13_veh-28,2438995,f14eb98369a15907d8626ce4ad85e5f6787d754f63ac9b2a3f8f7214d5a0e413,340,39,25,1,0,0,21,3,39,24,stage1:train,8,8
2021.10.06.14.31.13_veh-28_00981_01226,2021.10.06.14.31.13_veh-28,3173825,b177f35ddf1e7104818b9081448b9f6190509b03b1d53c9ecdc51a4bc1b7df5b,490,74,35,0,0,0,27,8,74,35,stage1:train,13,13
2021.10.06.14.31.13_veh-28_01277_01377,2021.10.06.14.31.13_veh-28,1923691,20cffcdcaa1021bf209a6a3020ec18530fc8c72bf020e89094edfd760e6270ba,200,16,15,1,0,0,14,0,16,14,stage1:train,3,3
2021.10.06.14.31.13_veh-28_01388_01849,2021.10.06.14.31.13_veh-28,9150827,3d6387df4111c38d574811e6fcc28fba552f54cdc09e1021a02513d2b604db42,922,164,66,1,0,0,51,14,164,65,stage1:train,23,23
2021.10.06.17.08.46_veh-28_00016_00116,2021.10.06.17.08.46_veh-28,2331861,4682944d08d42774b6d6059fe1fc3582cf053500f851f61b1b5d40430b12897b,200,26,15,1,0,0,11,3,26,14,stage3:train,4,4
2021.10.06.17.08.46_veh-28_00127_00428,2021.10.06.17.08.46_veh-28,6700889,601e39bafd48278b0a6325e20deb6e1709905fb534daa35e926db27c2ad919b7,602,85,43,0,0,0,35,8,85,43,stage3:train,12,12
2021.10.06.17.08.46_veh-28_00498_00621,2021.10.06.17.08.46_veh-28,3001577,6f43e802a107c4ed8ce22badc6e022810c9d233b97563c9ccdbaafd9f8a48ba0,246,52,18,1,0,0,16,1,52,17,stage3:train,8,8
2021.10.06.17.08.46_veh-28_00651_01030,2021.10.06.17.08.46_veh-28,10491571,18695614cecf5240cdaf20eb34866ce8ba170ac625bd18b4f3155af4e1562c93,758,106,55,1,0,0,48,6,106,54,stage3:train,16,16
2021.10.06.17.08.46_veh-28_01127_01287,2021.10.06.17.08.46_veh-28,2726056,05cd3ed179d90f1ec39ee0c725431c173611f4f2d765a16d5c6931a8cb1b1c58,320,45,23,1,0,0,20,2,45,22,stage3:train,6,6
2021.10.06.17.08.46_veh-28_01298_01548,2021.10.06.17.08.46_veh-28,4241147,14ff34b4ad89762a43552ec6a9b7319da3af879654704172045c6ce90f8c7528,500,88,36,1,0,0,34,1,88,35,stage3:train,16,16
2021.10.06.17.08.46_veh-28_01626_01702,2021.10.06.17.08.46_veh-28,1312010,b1052e7275aecec03ff838d6d43512ffc22a7f579b4be372c0fea1d14609f32f,152,52,11,1,0,0,5,5,52,10,stage3:train,6,6
2021.10.06.17.43.07_veh-28_00016_00291,2021.10.06.17.43.07_veh-28,5543674,5d66fde9d62241ff25d21e75f16ffcf31646edcaabe5db960548b3f71896c3b2,550,108,40,1,0,0,32,7,108,39,stage1:test,14,14
2021.10.06.17.43.07_veh-28_00302_00486,2021.10.06.17.43.07_veh-28,3425561,dce07493797597766e39cf9cb8e9dee6d3d996e4bd9dc5fc95a56ad30741fa77,368,25,27,1,0,0,22,4,25,26,stage1:test,4,4
2021.10.06.17.43.07_veh-28_00508_00877,2021.10.06.17.43.07_veh-28,4835728,f98dc9df9df9b8ad96e1dcf3fbd512e12712b429f29028db847f0d2a70d75805,738,75,53,1,0,0,48,4,75,52,stage1:test,10,10
2021.10.06.17.43.07_veh-28_00933_01014,2021.10.06.17.43.07_veh-28,1503661,fa86c27a7e6a52a241f41595b3bf9bcea85d712d8cc7cad287e6b9100f9b91dd,162,8,12,1,0,0,10,1,8,11,stage1:test,1,1
2021.10.06.17.43.07_veh-28_01118_01302,2021.10.06.17.43.07_veh-28,3167760,b73b64a3659f0ffdcf59dd00f9b5e75049bb7a9c47171d1a61ec15b76b201bca,368,68,27,1,0,0,22,4,68,26,stage1:test,9,9
2021.10.06.17.43.07_veh-28_01354_01536,2021.10.06.17.43.07_veh-28,4196787,d65e89455341840225dd4f5b1ede4bcf897d4e99e56f812a1a3d8fe45afa8923,364,65,26,0,0,0,20,6,65,26,stage1:test,10,10
2021.10.06.17.43.07_veh-28_01587_01694,2021.10.06.17.43.07_veh-28,2173849,ce83b3cd8a85a76a049184554057c83059d96ae4081b227a1f6ecf366df0df01,214,36,16,1,0,1,9,5,36,14,stage1:test,6,6
2021.10.06.18.52.07_veh-28_00123_00431,2021.10.06.18.52.07_veh-28,4890315,d87a3dbbdb443dbe633cd696457ba9e43c84c6de91c0717f36a7b6408a0326ec,616,98,44,0,0,0,33,11,98,44,stage1:train,18,18
2021.10.06.18.52.07_veh-28_00442_00578,2021.10.06.18.52.07_veh-28,2279165,a7d765c0efd8459404dab1a760251cfbb78256d3f224ec77a9a306849eae4176,272,47,20,1,0,0,17,2,47,19,stage1:train,9,9
2021.10.06.18.52.07_veh-28_00592_00655,2021.10.06.18.52.07_veh-28,1091405,a00e1fa30637ccdd49cf91d12cb10bda6e728da28fd9392428f1ca63a55e46ec,126,9,9,0,0,0,7,2,9,9,stage1:train,2,2
2021.10.06.18.52.07_veh-28_00839_00968,2021.10.06.18.52.07_veh-28,2357636,59bccc9855a5067929e044b29f8615a3dd3376bdbd896b516e28383aa897b1f0,258,36,19,1,0,0,16,2,36,18,stage1:train,5,5
2021.10.06.18.52.07_veh-28_01072_01157,2021.10.06.18.52.07_veh-28,1606851,e9e8d92d948afcf10bd55561d56863704d8fb0cf8657b3e80ffafd50e0775a15,170,33,13,1,0,0,9,3,33,12,stage1:train,5,5
2021.10.06.18.52.07_veh-28_01297_01462,2021.10.06.18.52.07_veh-28,4303597,ab06334beee88718e082e8c23b0bc89ecc65588cd62ce6fdef94a5d6d443ebdb,330,70,24,1,0,0,16,7,70,23,stage1:train,11,11
2021.10.06.18.52.07_veh-28_01474_01908,2021.10.06.18.52.07_veh-28,10561440,da1eb45e9d64c1162ef0bb6d61e6b1b7cf43854287b2915024f15feaa0eb8cf9,868,161,62,0,0,1,50,11,161,61,stage1:train,29,29
2021.10.06.19.27.33_veh-28_00016_00079,2021.10.06.19.27.33_veh-28,1408539,3c8ef5c17a811c5f1044d99a3bfc563e9c625a17162fab80699eed793e81c69a,126,7,9,0,0,0,8,1,7,9,stage1:audit,2,2
2021.10.06.19.27.33_veh-28_00121_00289,2021.10.06.19.27.33_veh-28,3283175,316ed4e373ed9e16fd95116e5038fe2a7d193cb9aba6726c9dfb97890170b471,336,50,24,0,0,0,20,4,50,24,stage1:audit,10,10
2021.10.06.19.27.33_veh-28_00302_00794,2021.10.06.19.27.33_veh-28,11195900,efedfde6f4ae3e3274bc111d52930b788bb69c189e3370e5bf4444dbad6ff71e,984,138,71,1,0,0,61,9,138,70,stage1:audit,23,23
2021.10.06.19.27.33_veh-28_00805_01736,2021.10.06.19.27.33_veh-28,19879252,00eced4f48a6adb8fe4e209693ea6314bab5a19e3158e90839086f082d2a6aba,1862,343,133,0,0,8,100,25,343,125,stage1:audit,48,48
2021.10.11.02.57.41_veh-50_00029_00134,2021.10.11.02.57.41_veh-50,1321709,b24ec7d5004a8fb4f18602c2a15a80c178f37c5f3a32d4b664f713eeba89602c,210,7,15,0,0,0,15,0,7,15,stage2:train,2,2
2021.10.11.02.57.41_veh-50_00145_00308,2021.10.11.02.57.41_veh-50,2121517,1233ca7f452555093661b37bc766d874c5d267cfcb92e689d92c4ffcd7672d72,326,85,24,1,0,0,17,6,85,23,stage2:train,11,11
2021.10.11.02.57.41_veh-50_00352_00535,2021.10.11.02.57.41_veh-50,2152194,01b7ce726a577d52f2feb5912c7bdb09c146b58630e78816f4b5eb8db31fff39,366,73,27,1,0,0,19,7,73,26,stage2:train,9,9
2021.10.11.02.57.41_veh-50_00704_00776,2021.10.11.02.57.41_veh-50,523688,fa356d305de912830d9f6a491a5521d2a67dd88b7ae1d5388507458880531d89,144,83,11,1,0,0,3,7,83,10,stage2:train,9,9
2021.10.11.02.57.41_veh-50_00838_01005,2021.10.11.02.57.41_veh-50,1471491,4fe5b5527f266de122f82559b8efdd45bcbe86fbede86062da4fda71995794a7,334,71,24,1,0,0,19,4,71,23,stage2:train,11,11
2021.10.11.02.57.41_veh-50_01028_01289,2021.10.11.02.57.41_veh-50,2886955,4b615e97ebaee671f371a4e263f5d1ed3a71fb8c542b61132f0537c05342c21e,522,81,38,1,0,0,33,4,81,37,stage2:train,12,12
2021.10.11.02.57.41_veh-50_01343_01501,2021.10.11.02.57.41_veh-50,1889351,1ec10b44d8bbec2404493e763103e66cb892fd1725f7eee8852137d6a28d3e38,316,84,23,1,0,0,18,4,84,22,stage2:train,10,10
2021.10.11.02.57.41_veh-50_01522_02088,2021.10.11.02.57.41_veh-50,4996362,493ff3fdab82b6fdb2640404751a7dc2dbb3bf156829eadf7b8d38ebc26498c1,1132,274,81,1,0,0,63,17,274,80,stage2:train,42,42
2021.10.11.02.57.41_veh-50_02155_02265,2021.10.11.02.57.41_veh-50,781142,cd0547a505dde632020ca7cc94f688d059e2f3ea727ec4fa38d072a2f5a24dd5,220,117,16,1,0,0,5,10,117,15,stage2:train,13,13
2021.10.11.02.57.41_veh-50_02318_02417,2021.10.11.02.57.41_veh-50,870884,cd1776f8bb2bf058f219f46438c5e246ab727fdec9019196e028760b4695626b,198,41,15,1,0,0,12,2,41,14,stage2:train,6,6
2021.10.11.02.57.41_veh-50_02428_02548,2021.10.11.02.57.41_veh-50,901280,bcc4b85424306aa03157d1f9fb9c68cb2d4e1479db8b84b2e89af4e4799ec771,240,30,18,1,0,1,14,2,30,16,stage2:train,3,3
2021.10.11.05.34.05_veh-50_00020_00149,2021.10.11.05.34.05_veh-50,2460350,91a71a9d2f9ff77afb9c0aa5986cd2c4f7dd1a03120e7e1d0a70da9c610cc8f3,258,66,19,1,0,0,14,4,66,18,stage2:test,7,7
2021.10.11.05.34.05_veh-50_00189_00398,2021.10.11.05.34.05_veh-50,2134898,60c525a34e04d7c892860acdbceee57ccfd9b7b21b92132df068e2f4b40b1ef8,418,78,30,1,0,0,24,5,78,29,stage2:test,9,9
2021.10.11.05.34.05_veh-50_00442_00556,2021.10.11.05.34.05_veh-50,759671,6eded7f284b21f1649a3d305e0b14b5ba42a5c078a0e379a47aa91ac98483236,228,82,17,1,0,0,9,7,82,16,stage2:test,10,10
2021.10.11.05.34.05_veh-50_00568_00631,2021.10.11.05.34.05_veh-50,449747,acc7d75c45c07cac545b87a2221f6fea2a8ace307798138626eb820b1fc04c45,126,79,9,0,0,0,3,6,79,9,stage2:test,8,8
2021.10.11.05.34.05_veh-50_00697_00766,2021.10.11.05.34.05_veh-50,641293,dd4d5378b8fabafb6b4efba85a006bbce73b4b3f8c2e809321e8758d4c039ceb,138,6,10,1,0,0,9,0,6,9,stage2:test,1,1
2021.10.11.05.34.05_veh-50_00838_00947,2021.10.11.05.34.05_veh-50,1004614,f6b56de8945acde8ad8cbbf35596cefe3f98ac2fbd5e7da2456b35981d2fd5c7,218,29,16,1,0,0,14,1,29,15,stage2:test,3,3
2021.10.11.05.34.05_veh-50_00971_01251,2021.10.11.05.34.05_veh-50,3504752,e9cfd8334fdd3d4d3fbd9d9bfd30ceefc5fd46dd4086393c842077555bead114,560,103,40,0,0,0,31,9,103,40,stage2:test,16,16
2021.10.11.05.34.05_veh-50_01281_01692,2021.10.11.05.34.05_veh-50,4330817,3fc6f211d91ac1803b925f8a36dcbc87a42722fb175ced04c26d26d0a515b98d,822,208,59,1,0,0,48,10,208,58,stage2:test,26,26
2021.10.11.05.34.05_veh-50_01718_02261,2021.10.11.05.34.05_veh-50,4631432,b3649e969fd18e021cc67bcfbdab7719d2d762c015608aaf62bb14a2e011640d,1086,280,78,1,0,0,58,19,280,77,stage2:test,38,38
2021.10.11.05.34.05_veh-50_02309_02677,2021.10.11.05.34.05_veh-50,5494524,c67b64374f2b198b0457124a5a02db9334e6d4beb043ae32b557f462cf265355,736,216,53,1,0,2,34,16,216,50,stage2:test,27,27
2021.10.11.07.12.18_veh-50_00211_00304,2021.10.11.07.12.18_veh-50,607083,bc2d229aa88b9c4157d5344633ce6bd21c98ff6fbe930edd7ab52c9fd87c8c21,186,113,14,1,0,0,5,8,113,13,stage2:test,10,10
2021.10.11.07.12.18_veh-50_00345_00498,2021.10.11.07.12.18_veh-50,1857958,19494f4d0b8b4ca3be550c469aaac4059e785348ee87ee1a4d00e7d0a82c6c46,306,100,22,1,0,0,13,8,100,21,stage2:test,11,11
2021.10.11.07.12.18_veh-50_00541_00832,2021.10.11.07.12.18_veh-50,3041997,e6eb16e01e2ca1a56492cc76d11c7bb5bc16a254b4b4f5c5ec3bb7c97f9f7a3d,582,197,42,1,0,0,31,10,197,41,stage2:test,26,26
2021.10.11.07.12.18_veh-50_00866_01534,2021.10.11.07.12.18_veh-50,6503912,d3d523d115276bbe5c6215fcc7822512530f6ca3155ef8e2fff38f26983e3ac0,1336,403,96,1,0,0,65,30,403,95,stage2:test,51,51
2021.10.11.07.12.18_veh-50_01571_01823,2021.10.11.07.12.18_veh-50,1943398,d6901dd10de1ec2d1d996446ce6415d5766da320ecd300bbe7ca9cfafea1c424,504,153,36,0,0,0,22,14,153,36,stage2:test,17,17
2021.10.11.07.47.13_veh-50_00080_00159,2021.10.11.07.47.13_veh-50,813888,50d370bbcff64f0f5714323c27f82fe7a3ddb4c60ce5550059175c704bac829f,158,34,12,1,0,0,8,3,34,11,stage2:train,4,4
2021.10.11.07.47.13_veh-50_00202_00310,2021.10.11.07.47.13_veh-50,1412161,cf1a4b4a13d7ce4f9e36491d431664e70ca34b1ebcf61e4166fb16074f9b268d,216,54,16,1,0,0,10,5,54,15,stage2:train,7,7
2021.10.11.07.47.13_veh-50_00326_00708,2021.10.11.07.47.13_veh-50,3255824,56d984e9ba372f29a9a6682f04f6e36fed55b01d0b43bfc152c61a7fd48a77ae,764,189,55,1,0,0,44,10,189,54,stage2:train,21,21
2021.10.11.07.47.13_veh-50_00736_00843,2021.10.11.07.47.13_veh-50,927404,358332f0820fc45f3bddfbacf27016259f21b2779fe432a0e4ebcf8f0a32cb66,214,106,16,1,0,0,7,8,106,15,stage2:train,11,11
2021.10.11.07.47.13_veh-50_00886_00952,2021.10.11.07.47.13_veh-50,548895,4148664e81a2b865a2d6ebe9a99ceb27ebb7194edd95d26204eb5a238a9fbae5,132,29,10,1,0,0,7,2,29,9,stage2:train,5,5
2021.10.11.07.47.13_veh-50_01020_01123,2021.10.11.07.47.13_veh-50,706890,b7ec8488485fdfd50d2698b5d7f58e5e7ca0d8b4e7844bdcd18438b4ae1b00d9,206,88,15,1,0,0,8,6,88,14,stage2:train,12,12
2021.10.11.07.47.13_veh-50_01190_01452,2021.10.11.07.47.13_veh-50,2485890,e18b9c0def232df3f8896bd43b419d4cceff3c641297554fa0e3a07be9abc8c5,524,47,38,1,0,0,33,4,47,37,stage2:train,9,9
2021.10.11.07.47.13_veh-50_01513_02138,2021.10.11.07.47.13_veh-50,6623278,b0ba5357ef1817a39ae06f9881d2031ab851319e1751184060d0f9575de61478,1250,237,90,1,0,0,75,14,237,89,stage2:train,34,34
2021.10.11.08.31.07_veh-50_00005_00242,2021.10.11.08.31.07_veh-50,2956302,cd05950113d79c8d298fbbf50950c272822b4fff2afac37f83a44f1517a63774,474,132,34,1,0,0,26,7,132,33,stage2:audit,16,16
2021.10.11.08.31.07_veh-50_00282_00680,2021.10.11.08.31.07_veh-50,3611699,68065facab3d57e0d02bc7754bfa2a5ff7f0d102f94f6d46e7eb553c5b4e1d60,796,212,57,1,0,0,39,17,212,56,stage2:audit,28,28
2021.10.11.08.31.07_veh-50_00791_00954,2021.10.11.08.31.07_veh-50,1152379,26d15fdd1ab426484e0c770ab7c7659f33c3593e053fc2a8f8596e757dce8137,326,166,24,1,0,0,13,10,166,23,stage2:audit,18,18
2021.10.11.08.31.07_veh-50_01001_01076,2021.10.11.08.31.07_veh-50,521467,82e449f048b023f5ee0f357f8bde3fc95f05ef67867e25b0188ab1402c146bf5,150,32,11,1,0,0,7,3,32,10,stage2:audit,5,5
2021.10.11.08.31.07_veh-50_01184_01318,2021.10.11.08.31.07_veh-50,916806,70ec4b6faf34638b0c6cd8c4fb35f386afb42b4f8dbc0ec3b9707fe1f9861148,268,137,20,1,0,0,7,12,137,19,stage2:audit,15,15
2021.10.11.08.31.07_veh-50_01365_01539,2021.10.11.08.31.07_veh-50,2299763,0d3a0315811308245f3930f2b90db3b1f1e4215ac0efe3ca64721a3ac1f7ee7a,348,111,25,1,0,0,17,7,111,24,stage2:audit,14,14
2021.10.11.08.31.07_veh-50_01576_01734,2021.10.11.08.31.07_veh-50,2115283,3398d761a3ef0ebb8d0bd1e9159d0e160a2f1008ff5de36feef66c730fa37f7b,316,49,23,1,0,0,18,4,49,22,stage2:audit,6,6
2021.10.11.08.31.07_veh-50_01750_01948,2021.10.11.08.31.07_veh-50,1997464,bef3e475533a429daf5a02bca7896314df88884d4ffed965f678047672b3d32a,396,104,29,1,0,0,20,8,104,28,stage2:audit,16,16
2021.10.11.08.31.07_veh-50_01972_02057,2021.10.11.08.31.07_veh-50,1120723,02236b257bda4a0231d519e86ca7cac5ebd73debc3e65dfb3e1b1e3496cc7e52,170,85,13,1,0,0,4,8,85,12,stage2:audit,9,9
2021.10.11.08.31.07_veh-50_02146_02283,2021.10.11.08.31.07_veh-50,963906,941fb0673e6104ae9c20ea53f3c3291032679c1b2970f8d7e7295542bd99d0b8,274,147,20,1,0,0,8,11,147,19,stage2:audit,15,15
2021.10.11.08.31.07_veh-50_02360_02684,2021.10.11.08.31.07_veh-50,3126459,ee74beb556959c4556a56e1b9b86059adf46ee5b5e86edc12367d0ce352dd009,648,196,47,1,0,0,33,13,196,46,stage2:audit,18,18
